post_id,url,title,rating,author,published,tags,source
14059469,https://pikabu.ru/story/otvet_na_post_ostalos_tolko_teoriyu_po_biletam_sdat_i_vsyo_14059469,Ответ на пост «Осталось только теорию по билетам сдать и всё...»,,DeadPuckHome,2026-06-13T18:20:03+03:00,"Симулятор вождения,Грузовик,ДТП,Лобовое столкновение,Девушки,Видео,Вертикальное видео,Короткие видео,Дальнобойщики,Ответ на пост",search:брейнрот
14059468,https://pikabu.ru/story/_smena_subordinatsionnogo_polozheniya__14059468,""" Смена субординационного положения """,,Nik1307,2026-06-13T18:19:23+03:00,"[моё],Современная поэзия,Постмодернизм,Сюрреализм,Текст",search:брейнрот
14059467,https://pikabu.ru/story/28_nakhodok_s_aliexpress_mimo_kotoryikh_slozhno_proyti__bolshaya_podborka_interesnyikh_tovarov_14059467,"28 находок с AliExpress, мимо которых сложно пройти | Большая подборка интересных товаров",,ElfinSimon,2026-06-13T18:18:36+03:00,"Алиэкспресс распродажа,Гаджеты,AliExpress,Электроника,Китайские товары,Подборка,Покупки в интернете,Зарядное устройство,Бытовая техника,Распродажа,Товары для дома,Видео,Короткие видео,Вертикальное видео,Без звука,Длиннопост",search:брейнрот
14059466,https://pikabu.ru/story/kamyizyakskiy_tornado_14059466,Камызякский торнадо,,CATAHKA,2026-06-13T18:18:28+03:00,"Камызяк,Торнадо,Астраханская область,Азамат Мусагалиев,Видео,Вертикальное видео,Короткие видео",search:брейнрот
14059465,https://pikabu.ru/story/arkticheskie_tanki_karelskogo_fronta_kak_oleni_spasali_boytsov_v_zapolyare_14059465,Арктические «танки» Карельского фронта: как олени спасали бойцов в Заполярье,,NorthKarel,2026-06-13T18:18:21+03:00,"[моё],Великая Отечественная война,Военная история,Длиннопост,СССР,Олени,Солдаты,Вторая мировая война,Красная Армия,Подвиг",search:брейнрот
14059464,https://pikabu.ru/story/avito_yeto_prikol_14059464,"Авито, это прикол?",,Valevolver,2026-06-13T18:17:04+03:00,"[моё],Картинка с текстом,Юмор,Длиннопост",search:брейнрот
34,https://pikabu.ru/story/agronom_zhelezo_i_izvest_34_14059463,Агроном. Железо и Известь №34,,Alex.Coder,2026-06-13T18:16:40+03:00,"[моё],Русская фантастика,Литрпг,Отрывок из книги,Славянское фэнтези,Роман,Попаданцы,Текст,Длиннопост",search:брейнрот
14059462,https://pikabu.ru/story/laufey_14059462,Laufey,,Forgottenknight,2026-06-13T18:15:19+03:00,"18+,Anime Art,Аниме,God of War,Monorirogue,Крепкая девушка",search:брейнрот
14059460,https://pikabu.ru/story/every_night_in_my_dreams_i_see_you_i_feel_you_14059460,"Every night in my dreams I see you, I feel you...",,,2026-06-13T18:14:29+03:00,"[моё],Рисунок,Юмор,Авторский комикс,Монстр под кроватью,Титаник",search:имба
14059502,https://pikabu.ru/story/plyus_dve_loshadinyie_silyi_14059502,Плюс две лошадиные силы,,matey,2026-06-13T18:31:37+03:00,"Деревня,Лошади,Видео,Вертикальное видео,Короткие видео",search:а ниче тот факт
14059501,https://pikabu.ru/story/vecher_v_bare_14059501,Вечер в баре,,SecondHandCat,2026-06-13T18:30:13+03:00,"Мотоциклы,Пианино,Бар,Видео,Без звука,Вертикальное видео,Короткие видео",search:а ниче тот факт
14059499,https://pikabu.ru/story/klassika_vsegda_aktualna_14059499,Классика всегда актуальна,,Ganjazz,2026-06-13T18:30:00+03:00,"Волна постов,Мошенничество,Министерство обороны,Тушенка,Броненосец Потемкин,Видео",search:а ниче тот факт
36,https://pikabu.ru/story/agronom_zhelezo_i_izvest_36_14059498,Агроном. Железо и Известь №36,,Alex.Coder,2026-06-13T18:29:53+03:00,"[моё],Отрывок из книги,Роман,Литрпг,Русская фантастика,Попаданцы,Славянское фэнтези,Авторский мир,Текст,Длиннопост",search:а ниче тот факт
14059497,https://pikabu.ru/story/i_vsyo_lilsya_svetopad_na_gorod_14059497,И всё лился светопад на город,,,2026-06-13T18:29:41+03:00,"[моё],Проза,Лето,Белые ночи,Санкт-Петербург,Россия глазами иностранцев,Текст",search:а ниче тот факт
14059496,https://pikabu.ru/story/vrode_pravilnyiy_perevod_14059496,Вроде правильный перевод?,,Erklover,2026-06-13T18:29:17+03:00,"Зашакалено,Грустный юмор,Картинка с текстом",search:а ниче тот факт
14059495,https://pikabu.ru/story/ya_schastliva_kogda_poyu_14059495,"Я счастлива, когда пою",,Mio12,2026-06-13T18:29:15+03:00,"Аниме,Anime Art,Original Character,Seifuku,Девушки,Школьницы,Гитара",search:а ниче тот факт
14059493,https://pikabu.ru/story/van_gog_reanimatsiya_14059493,Ван Гог. Реанимация,,dlyarass,2026-06-13T18:28:53+03:00,"Из сети,Короткие видео,Вертикальное видео,Ван Гог,Реанимация,Видео",search:а ниче тот факт
2026,https://pikabu.ru/story/kakie_igryi_potyanet_2026_godu_radeon_rx_550_14059494,Какие игры потянет 2026 году Radeon RX 550,,gamepointer,2026-06-13T18:29:00+03:00,"Игры,RUTUBE,Видео",search:6 7 мем
14059500,https://pikabu.ru/story/poka_politiki_igrayut_v_voynu_rossiyskaya_neft_pechataet_dengi_14059500,"Пока политики играют в войну, российская нефть печатает деньги",,Anna.Budgetika,2026-06-13T18:30:00+03:00,"[моё],Политика,Экономика,Финансы,Текст,Длиннопост",search:delulu
2005,https://pikabu.ru/story/moya_byivshaya_nachalnitsa_galina_mikhaylovna_morgenshteyn_i_egor_letov_na_vstreche_v_omske_v_2005m_gode_14059428,Моя бывшая начальница Галина Михайловна Моргенштейн и Егор Летов на встрече в Омске в 2005м годе,,user11243938,2026-06-13T17:59:14+03:00,"Контент нейросетей,Мемы,Милота,Картинки,Юмор,Картинка с текстом,Длиннопост",tag:мемы
14059421,https://pikabu.ru/story/nu_tipa_glavnaya_novost_14059421,Ну типа главная новость,,user11243938,2026-06-13T17:52:13+03:00,"Контент нейросетей,Мемы,Картинки",tag:мемы
14059356,https://pikabu.ru/story/nakipelo_nazhzhuzhalo_14059356,Накипело (нажжужало),,ruskoleja,2026-06-13T17:20:06+03:00,"Комары,Мемы,Авиация,Сон,Лето",tag:мемы
14059344,https://pikabu.ru/story/chto_tam_s_nim_sobiralis_delat__14059344,Что там с ним собирались делать ?,,dallonballon93,2026-06-13T17:15:13+03:00,"[моё],Мемы,Юмор,Медицина,Черный юмор,Странный юмор,Каламбур,Троллинг,Видео,Вертикальное видео,Короткие видео",tag:мемы
14059322,https://pikabu.ru/story/art_kit_gameoverse_14059322,Арт (kit gameoverse),,Donaldsonsuba,2026-06-13T17:01:26+03:00,"Картинки,Мемы,Милота,Арт,Рисунок,Цифровой рисунок,Kit",tag:мемы
14059111,https://pikabu.ru/story/bukvalnost_14059111,Буквальность,,KomosarPsy,2026-06-13T15:37:06+03:00,"Мемы,Комментарии,Фоторедактор",tag:мемы
14059081,https://pikabu.ru/story/da_da_peremotay_menya_14059081,"Да, да, перемотай меня",9,dlyarass,2026-06-13T15:24:31+03:00,"Из сети,Мемы,Юмор,Аудиокассеты,Перемотка,Показалось",tag:мемы
14059044,https://pikabu.ru/story/yeto_nazyivaetsya_stabilnostkotik_14059044,"Это называется стабильность,котик",4,Gandbol,2026-06-13T15:07:00+03:00,"Юмор,Картинка с текстом,Мемы,Кот",tag:мемы
14058985,https://pikabu.ru/story/poka_kozhanyie_rabotayut_ya_kayfuyu_14058985,Пока кожаные работают я кайфую,12,MiniDream,2026-06-13T14:40:14+03:00,"[моё],Мемы,Милота,Юмор,Кот,Толстые котики,Мурчание,Длиннопост",tag:мемы
14058980,https://pikabu.ru/story/globalnoe_poteplenie_14058980,Глобальное потепление,14,White7Side,2026-06-13T14:38:37+03:00,"Картинки,Юмор,Девушки,Снеговик,Фотография,Грязь,Мемы,Показалось,Странный юмор,Каламбур",tag:мемы
14058956,https://pikabu.ru/story/memaseshnaya__cherepaseshnaya_14058956,Мемасешная — Черепасешная,74,Arefevazoia,2026-06-13T14:29:12+03:00,"Мемы,Юмор,Повтор,Видео,Вертикальное видео,Короткие видео,Черепаха",tag:мемы
14058891,https://pikabu.ru/story/khyellouinskiy_kostyum_strashnee_chem_kostyum_chuzhogo_i_dzheysona_vurkhiza_14058891,Хэллоуинский Костюм страшнее чем Костюм Чужого и Джейсона Вурхиза,4,DonnyDonovan,2026-06-13T14:03:49+03:00,"[моё],Мультсериалы,Картинки,Мемы,Спанч Боб",tag:мемы
14058847,https://pikabu.ru/story/vyikhodnyie_memchiki_14058847,Выходные мемчики,40,,2026-06-13T13:49:59+03:00,"[моё],Контент нейросетей,Warhammer 40k,Комиксы,Мемы",tag:мемы
14058829,https://pikabu.ru/story/mem_dlya_sverkhrazumov_14058829,Мем для Сверхразумов,,DonnyDonovan,2026-06-13T13:45:17+03:00,"[моё],Мемы,Картинки",tag:мемы
14058698,https://pikabu.ru/story/biznesmen_14058698,Бизнесмен,10,Gandbol,2026-06-13T13:04:00+03:00,"Картинка с текстом,Юмор,Мемы",tag:мемы
14058676,https://pikabu.ru/story/a_u_vas_v_shkole_est_urok_masmetariya_14058676,А у вас в школе есть урок масметария?,,user11895869,2026-06-13T12:59:33+03:00,"Мемы,Юмор,Видео,Вертикальное видео,Короткие видео",tag:мемы
14058652,https://pikabu.ru/story/kogda_tyi_byitovoy_invalid_14058652,Когда ты бытовой инвалид,2,Balzamo,2026-06-13T12:49:52+03:00,"Юмор,Картинка с текстом,Стирка,Повтор,Скриншот,Переписка,Кот,Мемы",tag:мемы
14058646,https://pikabu.ru/story/kogda_tyi_v_dushe_adeptus_mekhanikus_14058646,Когда ты в душе Адептус Механикусь,111,,2026-06-13T12:48:18+03:00,"[моё],Картинка с текстом,Мемы,Картинки,Юмор,Warhammer 40k,Комиксы,Wh humor",tag:мемы
14058635,https://pikabu.ru/story/moshchnyiy_muzhik_byil_14058635,Мощный мужик был,2866,oneterrikon,2026-06-13T12:45:23+03:00,"Политика,Мемы,Юмор,Лесли Нильсен,Повтор,Картинка с текстом",tag:мемы
14058617,https://pikabu.ru/story/vot_chto_budet_esli_skachat_yandeks_brauzer_na_samom_dele_14058617,Вот что будет если скачать яндекс браузер на самом деле,,user11895869,2026-06-13T12:39:29+03:00,"Мемы,Смех (реакция),Видео,Вертикальное видео,Короткие видео",tag:мемы
14058457,https://pikabu.ru/story/sovet2_14058457,Совет#2,0,Ru.New,2026-06-13T11:35:08+03:00,"Аниме,Мемы,Хэштег",tag:мемы
130626,https://pikabu.ru/story/nesmeshnyie_kartinki_i_bayanyi_vecher_130626_14058423,"НеСмешные картинки и баяны, вечер 13.06.26",760,sting21,2026-06-13T11:23:10+03:00,"Юмор,Картинка с текстом,Мемы,Зашакалено,Подборка,Черный юмор,Длиннопост",tag:мемы
14058369,https://pikabu.ru/story/idealnyie_vyikhodnyie_14058369,Идеальные выходные,5,Gandbol,2026-06-13T11:03:00+03:00,"Юмор,Картинка с текстом,Мемы",tag:мемы
14058350,https://pikabu.ru/story/poluchaetsya_povezlo_s_zhenoy_14058350,Получается повезло с женой?,,degtevy.family,2026-06-13T10:57:02+03:00,"[моё],Юмор,Милота,Мемы,Видео,Вертикальное видео,Короткие видео",tag:мемы
14059488,https://pikabu.ru/story/otvet_na_post_adam_kadyirov_stal_geroem_chechni_povtorno_14059488,Ответ на пост «Адам Кадыров стал Героем Чечни. Повторно»,,Josiah,2026-06-13T18:26:07+03:00,"Награда,Абсурд,Выпендрёж,Чечня,Этому городу нужен герой,Главный герой,Политика,Адам Кадыров,Юмор,Арты нейросетей,Ответ на пост",tag:юмор
14059476,https://pikabu.ru/story/vot_yeto_tryuk_14059476,Вот это трюк,,Mikigameplus,2026-06-13T18:21:53+03:00,"Юмор,Вертикальное видео,Короткие видео,Кот,Животные,Видео",tag:юмор
14059459,https://pikabu.ru/story/yeto_byilo_u_kazhdogo_v_detstve_14059459,Это было у каждого в детстве,,NashelNaMP,2026-06-13T18:14:00+03:00,"Вертикальное видео,Короткие видео,Полезное,Удобство,Юмор,Видео",tag:юмор
14059456,https://pikabu.ru/story/yeta_slovatskaya_detskaya_pesenka_voobshche_ne_pokhozha_na_detskuyu_14059456,Эта словацкая детская песенка вообще не похожа на детскую,,uraikin,2026-06-13T18:12:49+03:00,"Юмор,Песня,Видео,Вертикальное видео",tag:юмор
14059448,https://pikabu.ru/story/korobka_lyubimaya_14059448,Коробка любимая,,Sapientes,2026-06-13T18:05:55+03:00,"[моё],RUTUBE,Кот,Милота,Юмор,Видео,Короткие видео",tag:юмор
14059445,https://pikabu.ru/story/zamuzhem_teper_14059445,Замужем теперь...,,Ko.Rom,2026-06-13T18:04:53+03:00,"Контент нейросетей,Юмор,Жади,Гермиона,Сумерки (Фильм),RUTUBE,Видео",tag:юмор
14059444,https://pikabu.ru/story/kogda_bublik_ne_prosto_bublik_14059444,Когда бублик не просто бублик!),,Feltikiart,2026-06-13T18:04:25+03:00,"[моё],Рукоделие,Валяние,Искусственный интеллект,Ручная работа,Хобби,Настроение,Хорошее настроение,Юмор,Видео,Вертикальное видео,Короткие видео",tag:юмор
14059438,https://pikabu.ru/story/i_izyashchnyiy_14059438,И изящный!,,SOBAandCo,2026-06-13T18:02:00+03:00,"Кот,Юмор,Картинка с текстом",tag:юмор
14059437,https://pikabu.ru/story/budushchee_nastupilo_i_mechtyi_sbyilis_14059437,Будущее наступило и мечты сбылись?,,motopila,2026-06-13T18:01:53+03:00,"[моё],Юмор,Грустный юмор,Будущее наступило,Искусственный интеллект",tag:юмор
14059436,https://pikabu.ru/story/otvet_na_post_chto_za_pokolenie_14059436,Ответ на пост «Что за поколение»,,MoishaRyubman,2026-06-13T18:01:22+03:00,"Юмор,Скриншот,Threads,Playstation 5,Подарки,Ответ на пост,Текст",tag:юмор
14059424,https://pikabu.ru/story/polovoy_otbor_takoy_polovoy_14059424,Половой отбор такой половой!,,John123rty235,2026-06-13T17:54:30+03:00,"Военкомат,Армия,Призыв,Юмор,Половой отбор",tag:юмор
14059411,https://pikabu.ru/story/dushevno_v_panamku_14059411,Душевно в панамку,,Аноним,2026-06-13T17:48:40+03:00,"Юмор,Короткие видео,Вертикальное видео,Панамка,Видео",tag:юмор
14059395,https://pikabu.ru/story/muzhik_s_persikami_14059395,Мужик с персиками,20,YashikPivka,2026-06-13T17:39:41+03:00,"Картинка с текстом,Юмор,Персики,Батя,Картина,Девочка с персиками",tag:юмор
14059394,https://pikabu.ru/story/tataryonok_14059394,Татарёнок,,user8852840,2026-06-13T17:39:23+03:00,"Башкиры,Татары,Юмор,Казахи,Видео,Вертикальное видео,Короткие видео,Странный юмор",tag:юмор
14059389,https://pikabu.ru/story/podpevaem_14059389,Подпеваем,,HAPPY.BILLIONAIR,2026-06-13T17:37:37+03:00,"Юмор,Перевод,Песня,Английский язык,Видео,Вертикальное видео,Короткие видео",tag:юмор
14059350,https://pikabu.ru/story/chto_takoe_yeto_vashe_yego_syurstryoming_14059350,"Что такое это ваше ""Эго"": Сюрстрёминг!",,Zefeir,2026-06-13T17:18:31+03:00,"[моё],Внутренний диалог,Гештальт-теория,Юмор,Психология,Текст",tag:юмор
14059333,https://pikabu.ru/story/otvet_na_post_dyuzhe_potuzhno_14059333,Ответ на пост «Дюже потужно»,302,Salimzanov,2026-06-13T17:06:37+03:00,"[моё],Скриншот,X (Twitter),Политика,Украинцы,Бред,Поляки,Идиотизм,Троллинг,Стеб,Юмор,Польша,Украина,Мат,Ответ на пост,Текст",tag:юмор
14059301,https://pikabu.ru/story/nike__just_do_it_14059301,Nike - Just do it,,SecondHandCat,2026-06-13T16:52:52+03:00,"Петух,Кроссовки,Пробежка,Юмор,Видео,Без звука,Короткие видео",tag:юмор
14059295,https://pikabu.ru/story/surovaya_indiyskaya_karusel_14059295,Суровая индийская карусель,17,FlySafe,2026-06-13T16:49:59+03:00,"Юмор,Индия,Карусель,Суровость,Мужчины,Женщины,Слабоумие и отвага,Видео,Без звука,Вертикальное видео,Короткие видео",tag:юмор
14059294,https://pikabu.ru/story/kupil_byi_konechno_no_otzyivov_malovato_14059294,"Купил бы конечно, но отзывов маловато",,HAPPY.BILLIONAIR,2026-06-13T16:49:57+03:00,"Юмор,Туалетная бумага,Лакшери,Проблема,Видео,Вертикальное видео",tag:юмор
14058211,https://pikabu.ru/story/skolko_uzhe_gosudarstvo_poteryalo_na_blokirovkakh_i_kak_yeto_obyasnit_zumeram_14058211,Сколько уже государство потеряло на блокировках и как это объяснить зумерам,9,Denk13,2026-06-13T09:56:03+03:00,"Блокировка,Telegram,Зумеры,Мат,Длиннопост",tag:зумеры
14056692,https://pikabu.ru/story/chestno_story_styibzil_iz_podslushanno_apk_14056692,Честно story стыбзил из Подслушанно .apk,,Stelsbladebloode,2026-06-12T17:07:19+03:00,"Отношения,Подслушано,Девушки,Парни,Зумеры,iPhone,Деньги,Картинка с текстом,Меркантильность,Мат,Суп",tag:зумеры
20,https://pikabu.ru/story/ottsyi_i_deti_20_14056359,Отцы и дети 2.0,,user11853496,2026-06-12T14:49:54+03:00,"Контент нейросетей,Бумеры,Зумеры,Юмор,Геймеры",tag:зумеры
14053984,https://pikabu.ru/story/na_nikh_tsivilizatsiya_zakonchitsya_14053984,На них цивилизация закончится,,fosstonrus,2026-06-11T17:45:59+03:00,"Короткопост,Мысли,Зумеры,Мат,Текст",tag:зумеры
495,https://pikabu.ru/story/otvet_brooy_v_pro_495_14052144,Ответ brooy в «Про 49.5»,1085,MutluTilki,2026-06-11T06:40:02+03:00,"Возраст,Зумеры,Миллениалы,Ответ на пост,Видео,Вертикальное видео,Короткие видео",tag:зумеры
14051239,https://pikabu.ru/story/suno__shou_14051239,Суно - шоу,,selfierevolver,2026-06-10T19:03:12+03:00,"[моё],Песня,Suno,Подкаст,Зумеры",tag:зумеры
14050898,https://pikabu.ru/story/zumeryi_dobralis_do_sudov_14050898,Зумеры добрались до судов,541,,2026-06-10T16:51:18+03:00,"[моё],Юридические истории,Право,Лига юристов,Зумеры",tag:зумеры
14049913,https://pikabu.ru/story/zumeryi_nakhodyat_novyie_sposobyi_udivit_nas_14049913,Зумеры находят новые способы удивить нас,621,Fox.Abode,2026-06-10T11:06:40+03:00,"Юмор,Зумеры,SMM,Работа,Собеседование,Грусть,Коллеги,ZOOM Cloud Meetings,Скриншот",tag:зумеры
14048357,https://pikabu.ru/story/versiyu_okhotnikov_kotoryie_pereputali_podrostka_s_bobrom_nazvali_somnitelnoy_14048357,"Версию охотников, которые перепутали подростка с бобром, назвали сомнительной",198,Cravalnyi07,2026-06-09T20:03:34+03:00,"Убийство,Криминал,Зумеры,Преступление,Расследование,Новости,Негатив",tag:зумеры
14046981,https://pikabu.ru/story/gosting_ili_pofigisting_14046981,Гостинг? Или пофигистинг?,214,Dr.Anya,2026-06-09T11:49:07+03:00,"Работа,Зумеры,Текст",tag:зумеры
90,https://pikabu.ru/story/pro_zumerov_i_90yie_14046794,Про зумеров и 90-ые,213,user5935689,2026-06-09T10:43:34+03:00,"Зумеры,90-е,Актуальное,Короткопост,Текст",tag:зумеры
14046283,https://pikabu.ru/story/kak_mne_nadoeli_bitvyi_pokoleniy_14046283,Как мне надоели битвы поколений...,1401,Necrozma,2026-06-09T07:47:45+03:00,"Зумеры,Родители и дети,Странный юмор,Юмор,Разница поколений,Миллениалы",tag:зумеры
14044063,https://pikabu.ru/story/vlog_s_mayskogo_kontserta_fotosessiya_cheremsha_i_kak_myi_ne_podelili_basista_14044063,"ВЛОГ с майского концерта: фотосессия, Черемша, и как мы не поделили басиста",,ReParadigma,2026-06-08T11:33:43+03:00,"Рок,Музыканты,Рок-группа,Ижевск,Музыкальная группа,Зумеры,Видео,RUTUBE",tag:зумеры
14042772,https://pikabu.ru/story/zumeryi_nashli_luchshiy_den_chtobyi_uvolitsya_s_rabotyi_14042772,"Зумеры нашли лучший день, чтобы уволиться с работы!",4,Vprazdnik,2026-06-07T22:01:24+03:00,"Юмор,Зумеры,Увольнение,Картинка с текстом,Telegram (ссылка)",tag:зумеры
14041860,https://pikabu.ru/story/vdumaytes_14041860,Вдумайтесь,,KorkaH,2026-06-07T15:10:03+03:00,"Зумеры,Миллениалы,Логарифмическая линейка,Короткопост,Текст",tag:зумеры
14041741,https://pikabu.ru/story/zumeryi_menyayut_pravila_modyi_14041741,ЗУМЕРЫ МЕНЯЮТ ПРАВИЛА МОДЫ,,Trendology,2026-06-07T14:12:13+03:00,"Мода,Одежда,Зумеры,Миллениалы,Тренд,Стиль,Видео,RUTUBE,Длиннопост",tag:зумеры
14041738,https://pikabu.ru/story/otvet_na_post_pokolenie_zumerov_pochti_ne_interesuetsya_alkogolem_14041738,Ответ на пост «Поколение зумеров почти не интересуется алкоголем»,2231,arcticpingvin,2026-06-07T14:11:03+03:00,"СССР,Традиции,Советское кино,Алкоголь,Водка,Алкоголики,Трезвость,Зумеры,Ответ на пост,Волна постов",tag:зумеры
14041710,https://pikabu.ru/story/otvet_na_post_pokolenie_zumerov_pochti_ne_interesuetsya_alkogolem_14041710,Ответ на пост «Поколение зумеров почти не интересуется алкоголем»,62,Agejudge,2026-06-07T13:59:32+03:00,"[моё],СССР,Традиции,Советское кино,Алкоголь,Водка,Алкоголики,Трезвость,Зумеры,Ответ на пост,Текст,Волна постов",tag:зумеры
14041698,https://pikabu.ru/story/otvet_na_post_pokolenie_zumerov_pochti_ne_interesuetsya_alkogolem_14041698,Ответ на пост «Поколение зумеров почти не интересуется алкоголем»,0,13gerc13,2026-06-07T13:56:19+03:00,"СССР,Традиции,Советское кино,Алкоголь,Водка,Алкоголики,Трезвость,Зумеры,Ответ на пост,Текст,Волна постов",tag:зумеры
14041664,https://pikabu.ru/story/za_zumerov_bez_opyita_vozmu_ya_slovo_14041664,За зумеров без опыта возьму я слово...,72,LizaPodliza69,2026-06-07T13:39:24+03:00,"[моё],Мат,Негатив,Работа,Точка зрения,Зумеры,Трудовые будни,Текст,Длиннопост",tag:зумеры
14041480,https://pikabu.ru/story/otvet_na_post_pokolenie_zumerov_pochti_ne_interesuetsya_alkogolem_14041480,Ответ на пост «Поколение зумеров почти не интересуется алкоголем»,0,Аноним,2026-06-07T12:23:53+03:00,"СССР,Традиции,Советское кино,Алкоголь,Водка,Алкоголики,Трезвость,Зумеры,Ответ на пост,Текст,Волна постов",tag:зумеры
14041411,https://pikabu.ru/story/bumeryi_millenialyi_i_zumeryi_v_odnoy_komande_kak_uzhivayutsya_chetyire_pokoleniya_v_ofise_14041411?u=https%3A%2F%2Fpikabu.ru%2Fstory%2Fbumeryi_millenialyi_i_zumeryi_v_odnoy_komande_kak_uzhivayutsya_chetyire_pokoleniya_v_ofise_14041411&t=t&h=f99bd3e1d88cc24a5ab24c3a796d644c1963cb1e&cv=dv&lh=t,"Бумеры, миллениалы и зумеры в одной команде: как уживаются четыре поколения в офисе",27,skorozvon.ru,2026-06-07T12:00:00+03:00,"Бумеры,Зумеры,Офис,Миллениалы,Коллеги,Офисные будни,Трудовые будни,Длиннопост,Блоги компаний",tag:зумеры
14059061,https://pikabu.ru/story/vyi_prodali_dushu_za_prosmotryi__dengi_i_populyarnost_a_teper_udivlyaetes_pochemu_vnutri_vas_pusto_14059061,"«Вы продали душу за просмотры , деньги и популярность. А теперь удивляетесь, почему внутри вас пусто»",,LuckyPhotoS,2026-06-13T15:15:10+03:00,"Интернет,Поколение,Религия,Тора,Вера,Христианство,Испорченность,Душа,Философия,Эмоции,Дофамин,Отношения,Бог,Мудрость,Истина,Правда,Рассуждения,Реальность,Мышление,Внутренний диалог,Длиннопост",tag:поколение
14052119,https://pikabu.ru/story/chto_s_vami_ne_tak_14052119,Что с вами не так?,78,Sherepe,2026-06-11T06:21:54+03:00,"Родители и дети,Поколение,90-е,Дети,Видео,Вертикальное видео",tag:поколение
14039940,https://pikabu.ru/story/skameyka_vremeni_14039940,Скамейка времени,33,AlexFin777,2026-06-06T19:30:00+03:00,"[моё],Контент нейросетей,Детство,Ностальгия,СССР,Книги,Смартфон,Поколение,Детство в СССР,Воспоминания из детства,Взросление,Сравнение",tag:поколение
1,https://pikabu.ru/story/chto_vyi_zapomnili_iz_rasskazov_lyudey_starshego_pokoleniya__1_14036623,Что вы запомнили из рассказов людей старшего поколения - 1,805,Webstrannik1,2026-06-05T15:00:00+03:00,"[моё],Перевел сам,Из сети,Познавательно,Жизненно,Поучительно,Истории из жизни,Поколение,Родители и дети,Текст",tag:поколение
14024968,https://pikabu.ru/story/foto_pokoleniy_neyrosetyu__top6_ii_dlya_semeynyikh_portretov_skvoz_vremya_14024968,Фото поколений нейросетью - ТОП-6 ИИ для семейных портретов сквозь время,,4everScience,2026-06-01T18:18:55+03:00,"Поколение,Промты для нейросетей,Длиннопост",tag:поколение
14013079,https://pikabu.ru/story/udaf_proshchay_14013079,"Удаф, прощай!",,Samsin,2026-05-28T16:30:29+03:00,"Удав,Юмор,Ушло,Горе,Поколение,Короткопост,Текст",tag:поколение
13997558,https://pikabu.ru/story/perekryostki_istorii_13997558,Перекрёстки истории...,5,Zloy42,2026-05-23T11:58:08+03:00,"Мысли,Крик души,Еддс,Служба 112,Поколение,СССР,Россия,Несправедливость,Миллениалы,Бумеры,Разница поколений,Капитализм,Беспредел,Справедливость,Мат,Текст",tag:поколение
13995869,https://pikabu.ru/story/otvet_na_post_a_nado_byilo_skidyivat_to_soobshchenie_lyudyam_13995869,Ответ на пост «А надо было скидывать то сообщение людям...»,4,ixerpopov,2026-05-22T18:49:27+03:00,"Юмор,Скриншот,Грустный юмор,Мат,Mail agent,Ответ на пост,Текст,Ипотека,Поколение,Проблемы поколения,Деньги",tag:поколение
13991655,https://pikabu.ru/story/problema_pokoleniy_13991655,Проблема поколений,540,SamDee,2026-05-21T11:51:33+03:00,"Юмор,Комиксы,Проблемы поколения,Поколение,Современное поколение,Бумер,Зумеры,Наследство,Extrafabulouscomics,Мат",tag:поколение
13974191,https://pikabu.ru/story/otvet_gellagraben_v_pokolenie_13974191,Ответ GellaGraben в «Поколение»,6,BlackFog,2026-05-15T07:42:51+03:00,"[моё],Конфликт,Взросление,Поколение,Зумеры,Мат,Волна постов,Зона комфорта,Теща,Ответ на пост,Текст",tag:поколение
13972764,https://pikabu.ru/story/otvet_gellagraben_v_pokolenie_13972764,Ответ GellaGraben в «Поколение»,2,vop46,2026-05-14T16:26:30+03:00,"Конфликт,Взросление,Поколение,Зумеры,Мат,Волна постов,Ответ на пост,Зона комфорта,Текст",tag:поколение
13972275,https://pikabu.ru/story/otvet_okolovsyak_v_pokolenie_13972275,Ответ OKOLOVSYAK в «Поколение»,18,Аноним,2026-05-14T13:23:22+03:00,"[моё],Конфликт,Взросление,Поколение,Зумеры,Мат,Волна постов,Ответ на пост,Зона комфорта,Текст",tag:поколение
13971939,https://pikabu.ru/story/otvet_vanioka_v_pokolenie_13971939,Ответ vanioka в «Поколение»,12,aelynnie,2026-05-14T11:38:39+03:00,"Конфликт,Взросление,Поколение,Зумеры,Мат,Ответ на пост,Текст,Волна постов",tag:поколение
13971903,https://pikabu.ru/story/otvet_vanioka_v_pokolenie_13971903,Ответ vanioka в «Поколение»,1338,,2026-05-14T11:27:40+03:00,"[моё],Конфликт,Взросление,Поколение,Зумеры,Мат,Ответ на пост,Текст,Волна постов",tag:поколение
13971623,https://pikabu.ru/story/otvet_okolovsyak_v_pokolenie_13971623,Ответ OKOLOVSYAK в «Поколение»,485,GellaGraben,2026-05-14T09:59:54+03:00,"Конфликт,Взросление,Поколение,Зумеры,Мат,Волна постов,Ответ на пост,Зона комфорта,Текст",tag:поколение
13971425,https://pikabu.ru/story/otvet_parkermorris_v_pokolenie_13971425,Ответ parkermorris в «Поколение»,,OKOLOVSYAK,2026-05-14T08:43:44+03:00,"[моё],Конфликт,Взросление,Поколение,Зумеры,Мат,Волна постов,Ответ на пост,Зона комфорта,Текст",tag:поколение
13971369,https://pikabu.ru/story/otvet_parkermorris_v_pokolenie_13971369,Ответ parkermorris в «Поколение»,2581,elen.o,2026-05-14T08:21:36+03:00,"Конфликт,Взросление,Поколение,Зумеры,Мат,Ответ на пост,Текст,Волна постов,Повтор,Мемы",tag:поколение
13971278,https://pikabu.ru/story/otvet_vanioka_v_pokolenie_13971278,Ответ vanioka в «Поколение»,21,parkermorris,2026-05-14T07:41:54+03:00,"[моё],Конфликт,Взросление,Поколение,Зумеры,Мат,Ответ на пост,Текст,Волна постов",tag:поколение
13971192,https://pikabu.ru/story/otvet_vanioka_v_pokolenie_13971192,Ответ vanioka в «Поколение»,734,user8984735,2026-05-14T07:00:36+03:00,"[моё],Конфликт,Взросление,Поколение,Зумеры,Мат,Ответ на пост,Текст,Короткопост,Волна постов",tag:поколение
13971159,https://pikabu.ru/story/otvet_na_post_pokolenie_13971159,Ответ на пост «Поколение»,3026,vanioka,2026-05-14T06:36:28+03:00,"Конфликт,Взросление,Поколение,Зумеры,Мат,Ответ на пост,Текст,Волна постов",tag:поколение
1618,https://pikabu.ru/story/otvet_na_post_ispugalis_podrostkov_1618_let_oni_vam_konkurentyi_ili_prosto_nagadit_kak_vsegda_ne_poteryannoe_pokolenie_13962339,"Ответ на пост «Испугались подростков 16-18 лет? Они вам конкуренты или просто нагадить, как всегда? НЕ потерянное поколение»",18,Microvilli,2026-05-11T04:22:25+03:00,"Подростки,Колледж,Профессия,Трудный ребенок,Текст,Трудные подростки,Молодежь,Жизнь,Общество,Рассуждения,Поколение,Современное поколение,Воспитание,Родители и дети,Старшее поколение,Взрослые,Ответ на пост",tag:поколение
13959493,https://pikabu.ru/story/novosti_po_filmu_a_woman_in_the_sun_13959493,Новости по фильму A Woman in the Sun,1,HiddenUser1,2026-05-09T22:06:01+03:00,"[моё],Новости кино и сериалов,Фильмы,США,Фотография,Кастинг,Драма,Актеры и актрисы,Роли,Новинки,Новинки кино,Сюжет,Съемки,Рене Зельвегер,Перемены,Возвращение,Дом,Решение,Поколение,Сложность,Проблема",tag:поколение
13956665,https://pikabu.ru/story/genialno_13956665,Гениально,,Аноним,2026-05-08T21:19:35+03:00,"Воспоминания из детства,Детство,Поколение,Детство 90-х,Текст",tag:поколение
14057778,https://pikabu.ru/story/dozhit_do_rassveta_14057778,Дожить до рассвета?,256,NetSpy,2026-06-13T05:11:06+03:00,"Короткие видео,Вертикальное видео,Кот,TikTok,Видео",tag:TikTok
14057271,https://pikabu.ru/story/zabavno_konechno_no_luchshe_byi_nashla_rabotu_14057271,"Забавно, конечно, но лучше бы нашла работу",11,Kuchka70,2026-06-12T21:25:23+03:00,"Супруги,Встреча,Перевоплощение,Киндер-сюрприз,Видео,Вертикальное видео,TikTok",tag:TikTok
14055766,https://pikabu.ru/story/flagfutbol_14055766,Флаг-футбол,13,NetSpy,2026-06-12T11:28:33+03:00,"Короткие видео,Вертикальное видео,Видео,Спортивные девушки,TikTok",tag:TikTok
14055497,https://pikabu.ru/story/zhizn_dana_dlya_togo_chto_byi_ee_prosto_prozhit_14055497,"Жизнь дана для того, что бы ее просто прожить...",5,renatnailovich,2026-06-12T09:59:51+03:00,"Смысл жизни,Грустный юмор,Видео,Вертикальное видео,TikTok",tag:TikTok
14054277,https://pikabu.ru/story/vetnamskiy_davinchi_14054277,Вьетнамский Давинчи,,yisay,2026-06-11T19:35:07+03:00,"[моё],Милота,Юмор,Блогеры,TikTok,Короткие видео,Реакция,YouTube,Ролики,Реклама,Оборудование,Монтажер,Колористика,Продакшн,Постановка,Производство,Медиа,Тиктокеры,Макросъемка,Съемки,Видео",tag:TikTok
14053709,https://pikabu.ru/story/otvet_na_post_prevzoshyol_14053709,Ответ на пост «Превзошёл»,,monol.mon,2026-06-11T15:57:11+03:00,"Короткие видео,Пародия,Видео,Вертикальное видео,TikTok,Политика,Ответ на пост",tag:TikTok
14049879,https://pikabu.ru/story/feminizm_luchshe_podderzhivaet_muzhchin_chem_obyichnyie_zhenshchinyi__14049879,"Феминизм лучше поддерживает мужчин, чем обычные женщины !",351,,2026-06-10T11:00:00+03:00,"[моё],Вертикальное видео,Женщины,TikTok,Мужчины,Феминизм,Свадьба,Муж,Жена,Мат,Видео",tag:TikTok
14049100,https://pikabu.ru/story/pochemu_nuzhno_pristegivatsya_14049100,Почему нужно пристегиваться,11,NetSpy,2026-06-10T05:23:36+03:00,"Короткие видео,Вертикальное видео,Юмор,TikTok,Видео,Аттракцион",tag:TikTok
14047416,https://pikabu.ru/story/dyirka_v_dereve_chuvak_yeto_duplo_14047416,"Дырка в дереве, чувак, это дупло",,olgaperelygina,2026-06-09T14:08:51+03:00,"[моё],Сингл,Музыка,TikTok,Видео,RUTUBE,Короткие видео",tag:TikTok
14046945,https://pikabu.ru/story/na_temu_golosovat_ili_net_14046945,На тему голосовать или нет,483,Skyentropy,2026-06-09T11:40:16+03:00,"Голосование,TikTok,Юмор,Видео,Мат,Политика",tag:TikTok
14046073,https://pikabu.ru/story/stanok_v_dele_bit_na_predele_14046073,"Станок в деле, бит на пределе",13,NetSpy,2026-06-09T05:10:21+03:00,"Короткие видео,Вертикальное видео,Юмор,TikTok,Станок,Видео",tag:TikTok
14045967,https://pikabu.ru/story/kogda_reshil_pokushat_nochyu_14045967,Когда решил покушать ночью,9,Tiktoklife,2026-06-09T01:43:38+03:00,"Животные,TikTok,Морская свинка,Шиншилла,Видео,Вертикальное видео,Короткие видео",tag:TikTok
14044850,https://pikabu.ru/story/instadiva_14044850,Инстадива,12,user8182114,2026-06-08T16:20:39+03:00,"Юмор,Грустный юмор,TikTok,Видео,Вертикальное видео,Короткие видео,Длиннопост",tag:TikTok
14042376,https://pikabu.ru/story/na_odnoy_volne_14042376,На одной волне,581,NetSpy,2026-06-07T18:52:22+03:00,"Короткие видео,Вертикальное видео,Юмор,TikTok,Видео",tag:TikTok
14040769,https://pikabu.ru/story/ne_sdavaysya_14040769,Не сдавайся,205,user8182114,2026-06-07T07:40:29+03:00,"Юмор,Илья Аксенов,Профессиональный юмор,Повтор,TikTok,Видео,Вертикальное видео,Короткие видео",tag:TikTok
14039936,https://pikabu.ru/story/kak_ya_perestanu_zalipat_i_teryat_vechera_14039936,Как я перестану залипать и терять вечера,2,user11895470,2026-06-06T19:28:42+03:00,"Личный опыт,Нервы,Истории из жизни,TikTok,Вопрос,Зависимость,Текст",tag:TikTok
14039160,https://pikabu.ru/story/yeto_video_ona_zakonchila_14039160,Это видео она закончила,14,NetSpy,2026-06-06T13:42:43+03:00,"Короткие видео,Вертикальное видео,Юмор,TikTok,Видео,Сила",tag:TikTok
14039157,https://pikabu.ru/story/brovist_14039157,Бровист,81,user8182114,2026-06-06T13:42:17+03:00,"Юмор,Илья Аксенов,Профессиональный юмор,Видео,Вертикальное видео,TikTok",tag:TikTok
14038943,https://pikabu.ru/story/glaza_14038943,Глаза!,382,GhostAGGA,2026-06-06T12:14:30+03:00,"Короткие видео,Вертикальное видео,Со звуком,Дети,Негры,Голубые глаза,Взгляд,Песня,Пение,Смотреть со звуком,Видео,TikTok,Улыбка",tag:TikTok
14038809,https://pikabu.ru/story/tamozhnya_14038809,Таможня,7,user8182114,2026-06-06T11:26:49+03:00,"Юмор,TikTok,Видео,Вертикальное видео",tag:TikTok
14038544,https://pikabu.ru/story/navesti_suetu_okhota_14038544,Навести суету охота,475,NetSpy,2026-06-06T09:46:23+03:00,"Короткие видео,Вертикальное видео,Юмор,TikTok,Видео,Кот",tag:TikTok
14037455,https://pikabu.ru/story/i_slova_ne_vse_ponyatnyi_14037455,И слова не все понятны,,sokol.pustelga,2026-06-05T20:19:16+03:00,"[моё],Политика,Юмор,Мемы,Дмитрий Песков,Зумеры,TikTok,Свидание,Видео,Короткие видео,Vk Клипы",tag:TikTok
14033713,https://pikabu.ru/story/dveri_nam_ne_pomekha_14033713,Двери нам не помеха,811,NetSpy,2026-06-04T16:02:15+03:00,"Короткие видео,Вертикальное видео,Юмор,TikTok,Кот,Сфинкс,Видео",tag:TikTok
14033491,https://pikabu.ru/story/otvet_na_post_ostalsya_odin_doma_ostalnyie_ubezhali_14033491,Ответ на пост «Остался один дома (остальные убежали)»,102,CodyRU,2026-06-04T14:44:28+03:00,"Короткие видео,Вертикальное видео,Юмор,Видео,Один дома (фильм),TikTok,ТЦК,Сцена из фильма,Бусик,Мобилизация,Политика,Короткопост,Ответ на пост,Текст",tag:TikTok
2,https://pikabu.ru/story/retsept_na_bronyu_iz_unikalnyikh_kolets_i_puteshestvie_na_vostok_v_path_of_exile_2_14058718,Рецепт на броню из уникальных колец и Путешествие на восток в Path of Exile 2,0,PathOfExile2,2026-06-13T13:10:24+03:00,"[моё],Path of Exile 2,Компьютерные игры,Онлайн-игры,Игры,Path of Exile,Новости игрового мира,Геймеры,Arpg,Мультиплеер,Видеоигра,Видео,YouTube,Короткие видео,Стрим,Видео ВК,Telegram (ссылка),Игровые обзоры,Youtube Shorts",tag:шортсы
14058260,https://pikabu.ru/story/minutnyiy_zaryad_14058260,Минутный заряд,2,mardrake,2026-06-13T10:16:45+03:00,"[моё],DJ,YouTube (ссылка),Youtube Shorts,Видео,YouTube,Короткие видео",tag:шортсы
14058203,https://pikabu.ru/story/minutnyiy_zaryad_14058203,Минутный заряд,,mardrake,2026-06-13T09:53:46+03:00,"[моё],Электронная музыка,Техно,DJ,Youtube Shorts,Рейв,Видео,YouTube,Короткие видео",tag:шортсы
14034471,https://pikabu.ru/story/dofaminovyiy_zalog__yeto_dividend_tvoego_neyrosetevogo_opekuna_14034471,ДОФАМИНОВЫЙ ЗАЛОГ — ЭТО ДИВИДЕНД ТВОЕГО НЕЙРОСЕТЕВОГО ОПЕКУНА,4,EntropiaZero,2026-06-04T20:51:32+03:00,"Информационная безопасность,Таргетинг,Youtube Shorts,Интернет вещей,Контроль разума,Видео,YouTube,Короткие видео,Длиннопост",tag:шортсы
14018593,https://pikabu.ru/story/podborka_aziatskoy_literaturyi_14018593,Подборка азиатской литературы,,nikitamina,2026-05-30T13:24:21+03:00,"[моё],Telegram каналы,Youtube Shorts,Книги,Современная проза,Современная литература,Посоветуйте книгу,Что почитать?,Видео,YouTube",tag:шортсы
5,https://pikabu.ru/story/top_5_starterov_dlya_novoy_ligi_v_path_of_exile_2__050_bildyi__poe_2_vozvrashchenie_drevnikh_14013483,ТОП 5 СТАРТЕРОВ ДЛЯ НОВОЙ ЛИГИ В PATH OF EXILE 2 | 0.5.0 БИЛДЫ | POE 2 ВОЗВРАЩЕНИЕ ДРЕВНИХ,,PathOfExile2,2026-05-28T19:00:00+03:00,"[моё],Path of Exile 2,Компьютерные игры,Онлайн-игры,Игры,Path of Exile,Новости игрового мира,Геймеры,Arpg,Мультиплеер,Видеоигра,Видео,YouTube,Короткие видео,Стрим,Видео ВК,Telegram (ссылка),Игровые обзоры,Youtube Shorts",tag:шортсы
14001892,https://pikabu.ru/story/avtomekhaniki_14001892,Автомеханики,64,4everDrunk,2026-05-25T01:25:46+03:00,"Видео,Автомеханик,Авто,Юмор,Fail,Youtube Shorts,Подборка,Вертикальное видео,Короткие видео",tag:шортсы
13999923,https://pikabu.ru/story/otvet_na_post_dorogaya_krestyanka_13999923,Ответ на пост «Дорогая крестьянка»,13,Txtexe,2026-05-24T10:41:16+03:00,"Из сети,Юмор,Картинка с текстом,Богема,Элита,YouTube,Youtube Shorts,Стоимость,Видео,Ответ на пост",tag:шортсы
13980309,https://pikabu.ru/story/him__serenade_of_the_abyss_13980309,HIM - Serenade of the abyss,,user9415094,2026-05-17T13:24:32+03:00,"[моё],Him,Вилле вало,Metal,Gothic Metal,Готик-рок,YouTube,Youtube Shorts,Видео,Короткие видео",tag:шортсы
13959366,https://pikabu.ru/story/u_kazhdogo_iz_nas_est_udachnoe_foto_13959366,У каждого из нас есть удачное фото,159,razbiralochka,2026-05-09T21:03:50+03:00,"Вертикальное видео,Алексей,Популярность,Youtube Shorts,Видео,Короткие видео",tag:шортсы
13954185,https://pikabu.ru/story/otvet_na_post_normalno_vyidal_bazu_13954185,Ответ на пост «......нормально выдал базу...»,9,ComradeDOS,2026-05-08T07:27:29+03:00,"Религия,Youtube Shorts,Станислав Дробышевский,Видео,YouTube,Короткие видео,Ответ на пост",tag:шортсы
107,https://pikabu.ru/story/kitay_dognal_ameriku_v_kvantovoy_gonke_otkazoustoychivost_na_107_kubitakh_13937795,Китай догнал Америку в квантовой гонке: отказоустойчивость на 107 кубитах!,6,XenonLab,2026-05-02T15:55:12+03:00,"Кубит,Китай,Наука,Технологии,Физика,Прорыв,Будущее,Hightech,Инновации,Youtube Shorts,Видео,Вертикальное видео",tag:шортсы
12057632,https://pikabu.ru/story/damochki_prisazhivaytes_12057632,"Дамочки, присаживайтесь",,DELETED,2024-11-24T18:15:11+03:00,"Видеочат,Skibidichallenge,Видео,Без звука,Вертикальное видео",tag:скибиди
12043106,https://pikabu.ru/story/pov_b_patronyi_konchilis_12043106,Пов: б## патроны кончились,,leodan050515,2024-11-20T18:13:37+03:00,"Еда,Skibidichallenge,Текст",tag:скибиди
11171811,https://pikabu.ru/story/skibidi_11171811,Скибиди,,KudrashkaUU,2024-02-27T02:10:22+03:00,"Lowcost cosplay,Skibidichallenge",tag:скибиди
11023376,https://pikabu.ru/story/skibidi_sigmyi_11023376,Скибиди сигмы,,DeadlyRevva,2024-01-14T18:02:53+03:00,"[моё],Сигма,Слово пацана (сериал),Райан Гослинг,Уолтер Уайт,Skibidichallenge,Длиннопост",tag:скибиди
10830293,https://pikabu.ru/story/shaylushay_otkuda_vzyalsya_mem_i_personazh__10830293,Шайлушай. Откуда взялся мем и персонаж ?,,Sice55,2023-11-15T16:48:07+03:00,"Смурфики,Skibidichallenge,Дети,Родители и дети,Детский контент,Видео,YouTube,Длиннопост",tag:скибиди
10792637,https://pikabu.ru/story/tualet_na_flote_nazyivaetsya_galyun_10792637,"Туалет на флоте называется ""гальюн""...",,rentgencomics,2023-11-02T17:10:41+03:00,"Скибиди па-па,Skibidichallenge,Мемы,Туалет,Туалетный юмор",tag:скибиди
10702454,https://pikabu.ru/story/shkibidi_tualet_10702454,Шкибиди туалет,,Game0ver1,2023-10-03T06:38:52+03:00,"Юмор,Мемы,Skibidichallenge,Видео",tag:скибиди
10532155,https://pikabu.ru/story/vyi_smotreli_skibidi_tualet_10532155,Вы смотрели скибиди туалет?,,user7366569,2023-08-05T10:47:24+03:00,"Skibidichallenge,YouTube,Youtube Shorts,Видео",tag:скибиди
6938678,https://pikabu.ru/story/nastroenie_na_tselyiy_den_obespecheno_6938678,Настроение на целый день обеспечено,,Daleros,2019-09-19T11:08:36+03:00,"Little Big,Пикачу,Skibidichallenge,Видео",tag:скибиди
6923356,https://pikabu.ru/story/skibidi_romantic_cover_6923356,Skibidi (romantic cover),,RobertMurtazin,2019-09-11T11:38:30+03:00,"[моё],Skibidichallenge,Little BIG,Илья Прусикин,Клип,Музыка,Певцы,Видео",tag:скибиди
2019,https://pikabu.ru/story/v_ramkakh_e3_2019_na_stsene_ubisoft_stantsevali_skibidi_gruppyi_little_big_6753694,В рамках E3 2019 на сцене Ubisoft станцевали Skibidi группы Little Big,,D1aMAX,2019-06-11T07:23:30+03:00,"E3 2019,Little BIG,Skibidichallenge,Just Dance,Ubisoft,Видео,Длиннопост",tag:скибиди
6704493,https://pikabu.ru/story/yevolyutsiya_6704493,Эволюция,,o141ca,2019-05-15T18:58:27+03:00,"Работа,Эволюция,Skibidichallenge",tag:скибиди
6695004,https://pikabu.ru/story/kak_yeto_razvidet_i_razslyishat_6695004,Как это развидеть и разслышать?,,Minimult,2019-05-10T15:37:23+03:00,"Пикачу,Детектив Пикачу,Skibidichallenge,Видео",tag:скибиди
6683570,https://pikabu.ru/story/skibidi_new_street_childrens_version__6683570,Скибиди. (new street children's version) :-),10,evgen55omsk,2019-05-04T04:51:20+03:00,"Skibidichallenge,Дети,Танцы,Юмор,Камера фиксации,Видео,Омск",tag:скибиди
6660188,https://pikabu.ru/story/kogda_khayp__yeto_ne_tvoyo_6660188,Когда хайп — это не твоё,275,Punkrocker,2019-04-21T19:42:18+03:00,"[моё],Skibidichallenge,Современное поколение,Текст,Дети,Истории из жизни",tag:скибиди
6608400,https://pikabu.ru/story/skibidi_tanetsanimatsiya_6608400,Скибиди танец(анимация),,Niko29,2019-03-30T10:47:14+03:00,"[моё],Skibidichallenge,Опять скибиди,Little BIG,Анимация,Видео",tag:скибиди
6601195,https://pikabu.ru/story/skibidi_6601195,СКИБИДИ,,Shuichi,2019-03-27T09:03:58+03:00,"Ленин,Skibidichallenge,Танцы",tag:скибиди
6584371,https://pikabu.ru/story/vyiboryi_blizko_6584371,Выборы близко...,,BombitoPucano,2019-03-20T00:08:34+03:00,"[моё],Илья Прусикин,Республика Беларусь,Александр Лукашенко,Усы,Little Big,Годзилла,Skibidichallenge",tag:скибиди
6584211,https://pikabu.ru/story/skibidi_metal_cover_6584211,SKIBIDI METAL COVER,,derik3030,2019-03-19T22:39:26+03:00,"Skibidichallenge,Cover,Metal,Кавер,Металл,Видео",tag:скибиди
6580447,https://pikabu.ru/story/little_big__skibidi_romantic_edition_6580447,LITTLE BIG — SKIBIDI (Romantic Edition),,6LeBoTa.KawaLoTa,2019-03-18T12:50:58+03:00,"Little BIG,Клип,Видео,Музыка,Skibidichallenge",tag:скибиди
6575840,https://pikabu.ru/story/syinu_zadali_yesse_6575840,Сыну задали эссе,,Alexsmirnoff,2019-03-16T09:07:19+03:00,"[моё],Сочинение,Художник,Эссе,Skibidichallenge,Длиннопост",tag:скибиди
6523151,https://pikabu.ru/story/ostap_bender_tantsuet_skibidi_6523151,Остап Бендер танцует Skibidi,,ZHULDYBIN,2019-02-21T19:28:55+03:00,"Остап Бендер,Андрей Миронов,Skibidichallenge,Видео",tag:скибиди
1919,https://pikabu.ru/story/vecherniy_urgant_skibidi_1919_6482300,Вечерний Ургант. Скибиди 1919,,GeoMorochev,2019-02-05T16:04:38+03:00,"Вечерний Ургант,Skibidichallenge,Little BIG,Видео",tag:скибиди
13815923,https://pikabu.ru/story/dve_tupyie_kuritsyi_13815923,Две тупые курицы,,user11675976,2026-03-24T19:15:47+03:00,"Мое отношение,Дуры,Сигма,Сигма Бой,Американский психопат,Текст",tag:сигма
13543723,https://pikabu.ru/story/grinch_pk_13543723,Гринч ПК,,user10512965,2025-12-27T21:14:38+03:00,"[моё],Сигма,Оперативная память,Cyberpunk 2077",tag:сигма
13343402,https://pikabu.ru/story/yeto_moya_dakimakura_takikh_dakimakur_mnogo_no_yeta__moya_moya_dakimakura__moy_luchshiy_drug_ona__moya_zhizn_13343402,"Это моя дакимакура. Таких дакимакур много, но эта — моя. Моя дакимакура — мой лучший друг. Она — моя жизнь",269,starpony,2025-10-30T07:05:42+03:00,"Контент нейросетей,Аниме,Аниме мемы,Нейровидео,Анимешники,Дакимакура,Сигма,Видео",tag:сигма
13213410,https://pikabu.ru/story/sigmyi_na_meste_13213410,Сигмы на месте?,,user7774733,2025-09-23T21:20:25+03:00,"Сигма,Юмор,Видео,Вертикальное видео",tag:сигма
13156715,https://pikabu.ru/story/palochka_13156715,ПАЛОЧКА,,VictoriaCapuchin,2025-09-07T00:08:45+03:00,"[моё],Юмор,Щенки,Позитив,Сигма,Видео,Собака,Ауф,Вайб,Warcraft,Настроение,YouTube,Короткие видео",tag:сигма
13152182,https://pikabu.ru/story/davayte_nazyivat_strannyikh_mobov_klichkoy_barsik_13152182,"Давайте называть странных мобов кличкой ""Барсик""",1,user10512965,2025-09-05T14:58:37+03:00,"Флешмоб,Кот,Сигма",tag:сигма
12914473,https://pikabu.ru/story/sigmavolk_12914473,Сигма-волк,4,DjonnyDuster,2025-07-03T11:00:12+03:00,"[моё],Ну погоди!,Сигма Бой,Сигма",tag:сигма
12861810,https://pikabu.ru/story/vopros_12861810,Вопрос,,Goyda777,2025-06-19T21:54:25+03:00,"Игры,Сигма,Doom,Текст",tag:сигма
12801138,https://pikabu.ru/story/vot_yeto_sila_voli_12801138,Вот это сила воли,3,AlexHyp123,2025-06-03T18:52:38+03:00,"Сюжет,Сигма,Видео,Короткие видео,ВКонтакте (ссылка)",tag:сигма
12795920,https://pikabu.ru/story/sigma_12795920,Сигма,7,XodKot,2025-06-02T13:41:49+03:00,"Юмор,Картинка с текстом,Мемы,Картинки,Сигма,Диалог",tag:сигма
12704270,https://pikabu.ru/story/ot_nulya_do_geroev__odna_butyilka_12704270,От нуля до героев — одна бутылка,14,DELETED,2025-05-09T20:08:49+03:00,"Юмор,Сигма,Алкоголики,Бойцы,Алкоюмор,Алкоголизм,Бойцы невидимого фронта,Видео,Вертикальное видео",tag:сигма
12668411,https://pikabu.ru/story/svin_bosya__yeto_sigma__audio__fanfik_12668411,Свин Бося . Это СИГМА... . Аудио . Фанфик,,user8782228,2025-04-30T06:38:35+03:00,"[моё],Сигма,Фэнтези,Девушки,Аудио,Фанфик,Видео",tag:сигма
12666531,https://pikabu.ru/story/setevyie_sigmyi_kak_poslednyaya_nadezhda__statya_ne_dlya_normisov_12666531,"Сетевые сигмы, как последняя надежда : статья не для нормисов",,user6855793,2025-04-29T16:15:24+03:00,"[моё],Мудрость,Человек,Общество,Сигма Бой,Сигма,Гипноз,Эриксоновский гипноз,Фрейдизм,Этология,Нейробиология,Сказка для взрослых,Публицистика,Вопрос,Спроси Пикабу,Длиннопост,Каннибализм",tag:сигма
12538629,https://pikabu.ru/story/kak_byit_dzhentelmenom_12538629,Как быть джентельменом,16,Cattyr,2025-03-27T09:55:51+03:00,"Азиаты,Короткие видео,Telegram (ссылка),Джентльмены,Юмор,Грустный юмор,Неудачное свидание,Реакция,Мемы,Неожиданно,Постановка,Сигма,Видео",tag:сигма
12460955,https://pikabu.ru/story/yeto_lider_svobodnogo_mira_a_ne_kakoyto_sigmaboy_12460955,"Это лидер ""свободного мира"", а не какой-то сигма-бой!",57,indus3alization,2025-03-07T08:24:25+03:00,"Политика,Переговоры,Эммануэль Макрон,Франция,Париж,Ирония,Сарказм,Забавное,Анекдот,Неожиданно,Обработка фотографий,Фотошоп мастер,Юмор,Странный юмор,Мемы,Политическая сатира,Сигма Бой,Сигма",tag:сигма
12452471,https://pikabu.ru/story/8_marta_12452471,8 марта,,user10101608,2025-03-05T00:08:16+03:00,"Эщкере,Пасхалка,Сигма",tag:сигма
12442468,https://pikabu.ru/story/mirovaya_politika_12442468,Мировая политика,,VladKunyakin2.0,2025-03-02T16:14:02+03:00,"Политика,Дружба,Владимир Путин,Дональд Трамп,Владислав Поздняков,Школа,Альфа,Сигма,Мат",tag:сигма
12435728,https://pikabu.ru/story/tramp_vs_zelenskiy_a_chto_putin_12435728,Трамп VS Зеленский. А что Путин?,8176,VladKunyakin2.0,2025-03-01T10:56:10+03:00,"Политика,Владимир Путин,План Путина,Дональд Трамп,Владимир Зеленский,Сигма",tag:сигма
12381773,https://pikabu.ru/story/filosofiya_sigma_boy_12381773,Философия Sigma Boy,,DELETED,2025-02-15T14:34:49+03:00,"RUTUBE,Православие,Христианство,Религия,Староверы,Sigma,Сигма Бой,Сигма,Общество,Тренд,Поп-музыка,Видео",tag:сигма
12367995,https://pikabu.ru/story/sigmakhuigma_12367995,Сигма-хуигма,2,Аноним,2025-02-12T10:12:49+03:00,"Сигма Бой,Сигма,TikTok,Мат",tag:сигма
12364430,https://pikabu.ru/story/skuf_skufidon_12364430,"Скуф, скуфидон",1,AlexBorg,2025-02-11T12:15:52+03:00,"Сигма Бой,Сигма,Скуфы,Мемы,Юмор,Короткие видео,Вертикальное видео,Неожиданно,Видео",tag:сигма
12358884,https://pikabu.ru/story/kak_pesnya_sigma_boy_vyizvala_politicheskiy_psikhoz_12358884,"Как песня ""Сигма Бой"" вызвала политический психоз",,Mr.Evdokimov,2025-02-10T00:19:53+03:00,"[моё],Сигма,Сигма Бой,Политика,Истерия,Мемы,Короткие видео,Президент,Россия и Украина,Видео,Вертикальное видео",tag:сигма
12337669,https://pikabu.ru/story/a_ya_dovolnaya_12337669,А я довольная,,DELETED,2025-02-04T17:42:34+03:00,"Сигма,Песня,Тренд,Музыка,Видео,Вертикальное видео,Короткие видео",tag:сигма
12317229,https://pikabu.ru/story/segodnya_dnyukha_u_samogo_znatnogo_sigmaboya_12317229,Сегодня днюха у самого знатного Сигмабоя,12,AlexBorg,2025-01-30T18:22:55+03:00,"Сигма Бой,Сигма,Sigma,Кристиан Бейл,Американский психопат,Видео,Вертикальное видео,Короткие видео",tag:сигма
14035785,https://pikabu.ru/story/sigma_14035785,Сигма,9,Lotsp,2026-06-05T10:17:31+03:00,"[моё],Картинка с текстом,Странный юмор,Картинки,Ирина Аллегрова,Сигма Бой,Шальная императрица,Рисунок",tag:сигма бой
13738791,https://pikabu.ru/story/v_gosdume_ne_podderzhali_ideyu_zapreta_pesni_sigma_boy_13738791,В Госдуме не поддержали идею запрета песни «Сигма бой»,1,fthgfyujhft,2026-02-28T17:31:45+03:00,"Сигма Бой,Госдума,Чиновники,Запрет,Депутаты,Политика",tag:сигма бой
13718069,https://pikabu.ru/story/evropeyskie_strakhi_13718069,Европейские страхи,616,Ignatbrat,2026-02-22T11:14:46+03:00,"Скриншот,Политика,X (Twitter),Бред,Олимпийские Игры,Русофобия,Сигма Бой",tag:сигма бой
13634487,https://pikabu.ru/story/segodnya_den_rozhdeniya_u_pevitsyi_betsytoy_samoy_kotoraya_s_drugoy_devochkoy_pela_sigma_boy_13634487,Сегодня день рождения у певицы Betsy(той самой которая с другой девочкой пела Сигма бой),,user7236099,2026-01-27T00:01:26+03:00,"День рождения,Сигма Бой,Певцы",tag:сигма бой
13617866,https://pikabu.ru/story/otvet_na_post_chto_takoe_sigma_13617866,"Ответ на пост «Что такое ""Сигма""»",42,fathergorry,2026-01-21T16:58:41+03:00,"[моё],Слова,Короткопост,Сигма Бой,Родители и дети,Забавное,Игра слов,Текст,Ответ на пост",tag:сигма бой
13607350,https://pikabu.ru/story/otvet_na_post_chto_takoe_sigma_13607350,"Ответ на пост «Что такое ""Сигма""»",25,DemonZX,2026-01-18T13:10:15+03:00,"Слова,Короткопост,Сигма Бой,Родители и дети,Забавное,Игра слов,Текст,Ответ на пост",tag:сигма бой
13606266,https://pikabu.ru/story/chto_takoe_sigma_13606266,"Что такое ""Сигма""",4291,Denethor.II,2026-01-18T02:38:27+03:00,"[моё],Слова,Короткопост,Сигма Бой,Родители и дети,Забавное,Игра слов,Текст",tag:сигма бой
13359125,https://pikabu.ru/story/sigma_boy_13359125,Сигма бой,5,ravenmende,2025-11-03T16:33:45+03:00,"Юмор,Мемы,Сигма Бой,Альфа-самец,Альфа,Собака,Бродячие собаки",tag:сигма бой
13265559,https://pikabu.ru/story/kazhdaya_devchonka_khochet_tantsevat_s_toboy_13265559,Каждая девчонка хочет танцевать с тобой,,Mavf,2025-10-08T14:18:53+03:00,"[моё],Сигма Бой,Имена,Длиннопост",tag:сигма бой
13050613,https://pikabu.ru/story/russkaya_myagkaya_sila_13050613,Русская мягкая сила,110,Ignatbrat,2025-08-08T05:09:41+03:00,"Политика,Скриншот,X (Twitter),Дичь,Русофобия,TikTok,Сигма Бой,Юмор,Мемы",tag:сигма бой
12991355,https://pikabu.ru/story/neozhidanno_v_afrike_12991355,Неожиданно в Африке,2281,IZUM27,2025-07-23T04:19:51+03:00,"Сигма Бой,Африка,Кения,Дети,Видео,Вертикальное видео,Короткие видео",tag:сигма бой
12991320,https://pikabu.ru/story/prodolzhenie_posta_vot_yeto_ya_nazyivayu_klientorentirovannost_12991320,Продолжение поста «Вот это я называю  клиенторентированность»,,WindoW.MakeR,2025-07-23T03:24:57+03:00,"Сигма Бой,Тиктокеры,Фильмы,Кинотеатр,Вопрос,Ответ на пост,Текст",tag:сигма бой
12991299,https://pikabu.ru/story/otvet_na_post_vot_yeto_ya_nazyivayu_klientorentirovannost_12991299,Ответ на пост «Вот это я называю  клиенторентированность»,,WindoW.MakeR,2025-07-23T02:51:30+03:00,"Танцы,Съемки,Сигма Бой,Тиктокеры,Вертикальное видео,Ответ на пост,Текст",tag:сигма бой
12985737,https://pikabu.ru/story/vot_yeto_ya_nazyivayu_klientorentirovannost_12985737,Вот это я называю  клиенторентированность,3124,AltynKG,2025-07-21T16:51:08+03:00,"Видео,Танцы,Съемки,Сигма Бой,Тиктокеры,Вертикальное видео",tag:сигма бой
12848125,https://pikabu.ru/story/sektor_gaza_vs_betsy_i_mariya_yankovskaya__sigma_muzhik_mashup_12848125,Сектор газа VS Betsy и Мария Янковская - Сигма Мужик [MashUp],7,Covermeister,2025-06-16T13:44:00+03:00,"Музыка,Mashup,Сектор Газа (группа),Сигма Бой,Видео,Видео ВК,YouTube",tag:сигма бой
12831239,https://pikabu.ru/story/kollektivnyiy_razum_v_kino_kak_massovoe_podsoznanie_vyichislyaet_budushchee_12831239,Коллективный разум в кино: как массовое подсознание вычисляет будущее,2,user10830629,2025-06-11T16:02:48+03:00,"[моё],Коллективный разум,Блогеры,Искусственный интеллект,Биткоины,Голливуд,Сигма Бой,ФБР,Протестантизм,Длиннопост",tag:сигма бой
12825426,https://pikabu.ru/story/dobryiy_skynet_12825426,Добрый SKYNET,1,user10830629,2025-06-10T02:13:15+03:00,"[моё],Искусственный интеллект,Мелкая моторика,Мышечная память,Статистика,Усреднение,Сигма Бой,Длиннопост",tag:сигма бой
12795918,https://pikabu.ru/story/skufomyen_on_zhe_sigmabat_12795918,"Скуфо-мэн, он же Сигма-бать",12,zipuzip,2025-06-02T13:41:18+03:00,"[моё],Скуфы,Сигма Бой,Грусть,Нейромузыка,Лирика,Кризис среднего возраста,Песня,Видео",tag:сигма бой
12742138,https://pikabu.ru/story/otvet_na_post_pokolenie_alfa_12742138,Ответ на пост «Поколение Альфа»,6,Ozzy.N,2025-05-19T17:03:58+03:00,"Сигма Бой,Современное поколение,Текст,Волна постов,Ответ на пост",tag:сигма бой
12728736,https://pikabu.ru/story/yey_gulyay_muzhik__sigmasigma_boy_12728736,Эй Гуляй мужик - Сигма-сигма бой,5,0perK0T,2025-05-16T04:39:31+03:00,"Видеомонтаж,Юмор,Клип,Пародия,Музыка,Монтаж,Mashup,Сектор Газа (группа),Сигма Бой,Смотреть со звуком,Кавер,Странный юмор,Видео",tag:сигма бой
14054273,https://pikabu.ru/story/nu_chto_zhzhzh_prinimayte_v_ligu_ulya_14054273,"Ну что жжж. Принимайте в лигу, #уля",,GdeJa.blet,2026-06-11T19:33:56+03:00,"[моё],Отношения,Скуфы,Мат",tag:скуф
14049811,https://pikabu.ru/story/vozrastnoe_14049811,Возрастное,189,VikaSinichkina,2026-06-10T10:36:51+03:00,"[моё],Возраст,Скуфы,Юмор,Текст",tag:скуф
14048337,https://pikabu.ru/story/koroche_kak_podkatit_k_altushke_14048337,"Короче ,как подкатить к Альтушке",3,dapo,2026-06-09T19:59:08+03:00,"Альтушки,Скуфы,Текст",tag:скуф
14043695,https://pikabu.ru/story/utro_ponedelnika_14043695,Утро понедельника,5,DenNik1974,2026-06-08T09:35:52+03:00,"Контент нейросетей,Понедельник,Мемы,Скуфы",tag:скуф
14043440,https://pikabu.ru/story/valera_skuf_protiv_velikanov_14043440,Валера скуф против великанов,1,NikaMi34,2026-06-08T08:02:38+03:00,"Реклама,ЗОЖ,Диета,Великан,Правильное питание,Скуфы,Видео,Вертикальное видео",tag:скуф
14042238,https://pikabu.ru/story/luchshiy_kvas_v_strane_14042238,Лучший квас в стране,,user6019237,2026-06-07T17:48:37+03:00,"[моё],Картинка с текстом,Картинки,Юмор,Квас,Люди,Спор,Мужчины и женщины,Скуфы,Правда,Чувашия",tag:скуф
14035703,https://pikabu.ru/story/znay_vraga_v_litso_shadaev_14035703,Знай врага в лицо: Шадаев,2881,G.Rafiq,2026-06-05T09:53:50+03:00,"Политика,Информатика,Мошенничество,Скуфы,Информационная безопасность,Государство,Шадаев Максут,Негатив",tag:скуф
2007,https://pikabu.ru/story/ne_nu_a_samom_dele_pochemu_khotyat_2007_14034943,"Не, ну а самом деле почему хотят 2007?",,QuaesitorNovi,2026-06-05T01:01:09+03:00,"Музыка,Мат,90-е,Дария Ставрович,Дискотека Авария,Жанна Фриске,Панки,Скуфы,Видео,Видео ВК,Короткие видео,Длиннопост",tag:скуф
14032986,https://pikabu.ru/story/otvet_prostoyouzer_v_dvadtsatiletnie_devushki_lyubyat_sorokaletnikh_muzhikov_14032986,Ответ Prostoyouzer в «Двадцатилетние девушки любят сорокалетних мужиков»,40,cxell,2026-06-04T11:55:15+03:00,"Война полов,Женщины,Мужчины,Волна постов,Мат,Скуфы,Любовь,Разность,Разница в возрасте,Ответ на пост,Текст",tag:скуф
14032135,https://pikabu.ru/story/otvet_room641a_v_dvadtsatiletnie_devushki_lyubyat_sorokaletnikh_muzhikov_14032135,Ответ Room641A в «Двадцатилетние девушки любят сорокалетних мужиков»,2408,Prostoyouzer,2026-06-04T06:26:42+03:00,"[моё],Война полов,Женщины,Мужчины,Волна постов,Мат,Скуфы,Любовь,Разность,Разница в возрасте,Ответ на пост,Текст",tag:скуф
14030893,https://pikabu.ru/story/altushki_dlya_skufa_14030893,Альтушки для скуфа,9,i.skuff,2026-06-03T17:33:23+03:00,"Жизнь,Короткопост,Альтушки,Скуфы,Текст",tag:скуф
14029968,https://pikabu.ru/story/novyiy_artobekt_v_parke_galitskogo_krasnodar_14029968,Новый арт-объект в парке Галицкого Краснодар,8,DimasKolbas,2026-06-03T12:24:38+03:00,"[моё],Самурай,Скуфы,Парк Галицкого,Парк Краснодар,Краснодар,Японский сад,Длиннопост",tag:скуф
14028091,https://pikabu.ru/story/otvet_na_post_leto_opyat_podkralos_14028091,Ответ на пост «Лето опять подкралось»,96,agafon.aga,2026-06-02T19:04:22+03:00,"Неожиданно,Лето,Похудение,В другой раз,Юмор,Сумо,Скуфы,Сумоисты,Жизненно,Кость широкая,Полнота,Лишний вес,Каждый раз так,Каждый раз,Следующий раз,И так каждый год,Мемы,Картинка с текстом,Ответ на пост",tag:скуф
14025936,https://pikabu.ru/story/leto_opyat_podkralos_14025936,Лето опять подкралось,181,sumoTV,2026-06-02T05:00:00+03:00,"[моё],Неожиданно,Лето,Похудение,В другой раз,Юмор,Сумо,Скуфы,Сумоисты,Жизненно,Кость широкая,Полнота,Лишний вес,Каждый раз так,Каждый раз,Следующий раз,И так каждый год,Мемы,Картинка с текстом",tag:скуф
14022295,https://pikabu.ru/story/vot_i_podros_14022295,Вот и подрос),1,descketh,2026-05-31T21:17:01+03:00,"Посты на Пикабу,Скуфы,Приветствие",tag:скуф
14019206,https://pikabu.ru/story/mastkhyev_dlya_lyubogo_uvazhayushchego_sebya_bumera_14019206,Мастхэв для любого уважающего себя бумера,11,xengg,2026-05-30T17:59:00+03:00,"Стул,Возраст,Бумер,Юмор,Скуфы,Взросление,Табуретка,Удобство,Процесс,Залипалка,Природа,Отдых,Видео,Вертикальное видео,Короткие видео",tag:скуф
14017443,https://pikabu.ru/story/luchshie_ochki_ps5_vr2_i_kakie_igryi_14017443,Лучшие очки PS5 VR2 и какие игры...?,2,Tiranozavr.60,2026-05-30T01:24:57+03:00,"Vr game,Playstation VR2,Playstation 5,Playstation,Игровая приставка,Консоли,Скуфы",tag:скуф
14012397,https://pikabu.ru/story/yeto_realno_ili_net_14012397,Это реально? или нет?,,Аноним,2026-05-28T12:47:13+03:00,"Мужчины и женщины,Психология,Развод (расторжение брака),Обсуждение,Физкультура,Рассуждения,Разведенка с прицепом,Смысл жизни,Алименты,Проблемы в отношениях,Скуфы,Кредит,Ипотека,Равноправие,Измена,Текст",tag:скуф
14004872,https://pikabu.ru/story/molodaya_studentka_vlyubilas_v_skufa_iz_pikabu_s_pervogo_vzglyada_no_zhizn_ego_k_takoy_razvyazke_ne_gotovila_14004872,"Молодая студентка влюбилась в скуфа из Пикабу с первого взгляда, но жизнь его к такой развязке не готовила",249,user6681173,2026-05-25T22:57:01+03:00,"Отношения,Любовь с первого взгляда,Неожиданно,Юмор,Короткие видео,Скуфы,Альтушки,Видео,Вертикальное видео,Instagram",tag:скуф
14000321,https://pikabu.ru/story/stolb_skuf_14000321,Столб скуф,9,mazlow,2026-05-24T13:02:49+03:00,"Контент нейросетей,Столб,Скуфы,Прическа,Очки",tag:скуф
13998516,https://pikabu.ru/story/ne_uspel_k_letu_pokhudet_13998516,Не успел к лету похудеть,5,Waffanculo,2026-05-23T18:40:52+03:00,"Картинки,Мемы,Картинка с текстом,Юмор,Похудение,Скуфы,Жир,Свежее",tag:скуф
13984737,https://pikabu.ru/story/vyibor_devushek_13984737,Выбор девушек,213,akatosh199512,2026-05-19T00:36:46+03:00,"Вертикальное видео,Короткие видео,Мужчины,Качок,Скуфы,Опрос,Видео",tag:скуф
13984514,https://pikabu.ru/story/anzhumannya_ot_skufa_s1pilot_13984514,"Анжумання от скуфа, s1pilot",8,Graak,2026-05-18T22:13:16+03:00,"[моё],Похудение,Меняемся,Анжуманя,Спорт,Скуфы,Челлендж,Физкультура,Видео,Короткие видео,Длиннопост,Мат",tag:скуф
13956718,https://pikabu.ru/story/a_zabavnyie_u_nikh_byili_multiki_13956718,А забавные у них были  мультики...,7,Kuchka70,2026-05-08T21:37:56+03:00,"Контент нейросетей,Мультфильмы,Ретро,Зубная паста,Зубная щетка,Тюбики,Видео,Короткие видео,Повтор",tag:тюбик
13778449,https://pikabu.ru/story/faktcheking_tyubika_13778449,Фактчекинг Тюбика,,CharlieWalikota,2026-03-13T07:31:49+03:00,"Поэт,Третьяков,Тюбики,Факты,Фактчекинг,Песня,Занудство,Гитара,Длиннопост",tag:тюбик
13498742,https://pikabu.ru/story/ocherednaya_zhestokaya_byekki_vyidavila_tyubika_do_kontsa_i_raduetsya_razbitomu_serdtsu_v_predvkushenii_betabaksera_13498742,Очередная жестокая Бэкки выдавила тюбика до конца и радуется разбитому сердцу в предвкушении бетабаксера,,user6855793,2025-12-14T13:59:17+03:00,"[моё],Грустный юмор,Скриншот,X (Twitter),Комментарии,Тюбики,Сердце,Игра слов",tag:тюбик
13216133,https://pikabu.ru/story/neznanie_yazyika_ne_osvobozhdaet_ot_posledstviy_13216133,Незнание языка не освобождает от последствий,356,alogach,2025-09-24T16:37:36+03:00,"Юмор,Клей,Геморрой,Картинка с текстом,Тюбики,Повтор",tag:тюбик
13139312,https://pikabu.ru/story/i_takoe_byivaet_13139312,И такое бывает,2281,xengg,2025-09-01T21:58:49+03:00,"Душ,Юмор,Ванна,Короткие видео,Ванная,Вертикальное видео,Сомнительные лайфхаки,Лайфхак,Плитка,Видео,Реферальная ссылка,Тюбики,Реклама,Смекалка,Душевая лейка",tag:тюбик
12748484,https://pikabu.ru/story/nishchebrodstvo_ili_razumnaya_yekonomiya_12748484,Нищебродство или разумная экономия?,52,odnirashody,2025-05-21T09:04:21+03:00,"[моё],Тюбики,Экономия,Цены,Нищеброд,Зубная паста,Скриншот,Повтор",tag:тюбик
12688791,https://pikabu.ru/story/taki_nuzhnaya_prisposoba_12688791,Таки нужная приспособа,7,Kuchka70,2025-05-05T18:15:37+03:00,"Тюбики,Зубная паста,Ванная,Приспособление,Видео,Вертикальное видео,Короткие видео",tag:тюбик
12505495,https://pikabu.ru/story/tipyi_kosmodesov_12505495,Типы космодесов,26,,2025-03-18T19:42:24+03:00,"[моё],Тюбики,Масик,Скуфы,Warhammer 40k,Wh humor,Картинка с текстом",tag:тюбик
12273067,https://pikabu.ru/story/pastodavilka_12273067,Пастодавилка,10,user7408521,2025-01-19T18:34:23+03:00,"Зубная паста,Приспособление,Китайские товары,AliExpress,Дозатор,Тюбики,Вертикальное видео,Видео,Короткие видео",tag:тюбик
12173375,https://pikabu.ru/story/kosmicheskaya_eda_v_tyubikakh__realno_sedobno_i_udobno_alternativa_turisticheskomu_pitaniyu_vyizhivalovo_12173375,КОСМИЧЕСКАЯ ЕДА В ТЮБИКАХ - Реально съедобно и удобно? Альтернатива туристическому питанию?! [Выживалово],0,neKotneMurkot,2024-12-24T14:35:00+03:00,"RUTUBE,Выживалово (Youtube-канал),Тюбики,Космическая еда,Видео",tag:тюбик
12154752,https://pikabu.ru/story/opredelyaem_tyi_masik_ili_chechik_12154752,Определяем: Ты масик или чечик?,,sekstasy,2024-12-19T14:44:20+03:00,"[моё],Отношения,Масик,Тюбики,Альфонс,Муж,Мужчины и женщины,Мужчины,Идеальный мужчина,Война полов,Скуфы,Жена,Мнение,Длиннопост,Кот",tag:тюбик
2024,https://pikabu.ru/story/bitva_za_paratsetomol_2024_12145417,Битва за парацетомол (2024),,Ky4epaBblu.rycb,2024-12-17T05:04:29+03:00,"[моё],Щавель,Персики,Ракушки,Сигма,KFC,Убежище,Пудж,Плакса,Кондиция,Пикабу,На коленях,Палитра,Кондиционер,Парацетамол,Ещкере,Трансформеры,Барабулька,Имба,Альтушки,Тюбики,Видео,Длиннопост",tag:тюбик
12096784,https://pikabu.ru/story/khitryushka_12096784,Хитрюшка,197,Wildwildworld,2024-12-04T11:54:20+03:00,"Скриншот,ADME,Сыр,Тюбики",tag:тюбик
12002205,https://pikabu.ru/story/tyi_na_kogo_iz_chego_tyubik_pastu_davish_12002205,"Ты на кого (из чего), тюбик, пасту давишь?!",6,STLee,2024-11-09T02:46:23+03:00,"Вертикальное видео,Зубная паста,Тюбики,Крышки,Видео",tag:тюбик
11850079,https://pikabu.ru/story/novyiy_sotrudnik_11850079,Новый сотрудник,6934,,2024-09-27T10:08:25+03:00,"Комиксы,Herta Burbe,Грустный юмор,Тюбики,Пенсия,Отдел кадров,Сотрудники,Перевел сам",tag:тюбик
11839837,https://pikabu.ru/story/vyizhimatel_tyubikov_dlya_tekh_kogo_besit_kogda_v_tyubike_chtoto_ostaetsya_11839837,"Выжиматель тюбиков. Для тех, кого бесит, когда в тюбике что-то остается",0,NashelNaMP,2024-09-24T12:23:00+03:00,"Выжимание,Тюбики,Полезное,Экономия,Лайфхак,Telegram (ссылка)",tag:тюбик
11536303,https://pikabu.ru/story/nishchebrodstvo_ili_razumnaya_yekonomiya_11536303,Нищебродство или разумная экономия?,516,odnirashody,2024-06-23T09:42:07+03:00,"[моё],Тюбики,Экономия,Нищеброд,Цены,Скриншот",tag:тюбик
11401095,https://pikabu.ru/story/a_vyi_kakoy_tip_11401095,А Вы какой тип?,,Arslaan,2024-05-10T10:28:07+03:00,"Сленг,Скуфы,Юмор,Тюбики,Видео,Вертикальное видео",tag:тюбик
11387843,https://pikabu.ru/story/pro_razmeryi_11387843,Про размеры,10,TuxoTyT,2024-05-06T10:30:35+03:00,"[моё],Пальцы,Мизинец,Ладонь,Маленький размер,Тюбики,Крем,Профит,Истории из жизни,Длиннопост",tag:тюбик
11246844,https://pikabu.ru/story/ostatki_11246844,Остатки,,mehipox,2024-03-21T09:59:39+03:00,"[моё],Вещи,Тюбики,Экономия,Текст",tag:тюбик
10370261,https://pikabu.ru/story/eveline_budte_vyi_proklyatyi_10370261,"Eveline, будьте вы прокляты",,DELETED,2023-06-17T18:32:20+03:00,"[моё],Тюбики,Упаковка",tag:тюбик
10357470,https://pikabu.ru/story/gde_nayti_tyubika_10357470,Где найти тюбика?,,JanaJana00112233,2023-06-14T02:22:53+03:00,"Тюбики,Помогите найти,Текст",tag:тюбик
9831001,https://pikabu.ru/story/yekh_tyubik_9831001,"Эх, Тюбик!",,Borislav207,2023-01-09T19:51:06+03:00,"Шансон,Рифма,Тюбики,Комментарии на Пикабу,Скриншот",tag:тюбик
7688215,https://pikabu.ru/story/novyiy_kaverok_7688215,НОВЫЙ КАВЕРОК,,Skyfox91,2020-09-01T15:37:11+03:00,"[моё],Краш,Кавер,YouTube,Видео",tag:краш
7602721,https://pikabu.ru/story/krashit_brauzer_ot_reklamyi_7602721,Крашит браузер от рекламы,,MaestroA,2020-07-22T23:44:48+03:00,"[моё],Баг,Краш,Текст",tag:краш
7545635,https://pikabu.ru/story/15letniy_syin_lukashenko_poyavilsya_na_parade_v_moskve_i_teper_myisli_vsekh_devushek_seti_lish_o_nyom_7545635,"15-летний сын Лукашенко появился на параде в Москве, и теперь мысли всех девушек Сети лишь о нём",,socseti2007,2020-06-25T22:01:59+03:00,"Александр Лукашенко,Белорусы,Краш,TikTok,Видео,Длиннопост",tag:краш
7517722,https://pikabu.ru/story/poletalblin_7517722,"Полетал,Блин",9,lotop,2020-06-13T15:22:38+03:00,"[моё],Скала Киселева,Краснодарский край,Краш,Видео",tag:краш
7489155,https://pikabu.ru/story/v_seti_poyavilis_oboi_kotoryie_vyivodyat_iz_stroya_androidsmartfonyi_7489155,"В Сети появились обои, которые выводят из строя Android-смартфоны",58,Adabi,2020-06-01T09:35:39+03:00,"Длиннопост,Android,Краш,Баг,Смартфон,Информационная безопасность,Видео",tag:краш
7433702,https://pikabu.ru/story/medved_rvyot_losya_kopter_upal_v_reku_7433702,Медведь рвёт лося. Коптер упал в реку,,rebel29,2020-05-08T16:27:31+03:00,"[моё],Медведи,Квадрокоптер,Дрон,Краш,Бульк,Видео",tag:краш
7282173,https://pikabu.ru/story/magiya_ili_znanie_psikhologii__7282173,Магия или знание психологии :),385,Vdesyatke,2020-03-11T13:39:43+03:00,"[моё],Психология,Юмор,Отношения,Краш,Фокус,Магия,Молодость,Дозор,Мат,Текст",tag:краш
7242745,https://pikabu.ru/story/kogda_v_ocherednoy_raz_podnyali_proekt_7242745,Когда в очередной раз подняли проект,0,codermax,2020-02-20T16:56:20+03:00,"IT,Краш,IT юмор,Видео",tag:краш
7129719,https://pikabu.ru/story/lagi_gta_v_na_moshchnom_pk_7129719,Лаги GTA V на мощном ПК,,DavidMafia,2019-12-26T20:49:18+03:00,"[моё],Компьютер,Игровой ПК,GTA 5,Rockstar,Краш,Текст",tag:краш
6877844,https://pikabu.ru/story/moy_pervyiy_krash_6877844,Мой первый краш,2,Crutchineer,2019-08-18T20:47:37+03:00,"[моё],Радиоуправляемые модели,Радиоуправляемая машина,Машина,Электроника,Краш,Длиннопост,Картинки,История",tag:краш
6517679,https://pikabu.ru/story/passivnaya_zashchita_poezda_6517679,Пассивная защита поезда.,181,Konstruktor6,2019-02-19T16:23:10+03:00,"Железная дорога,Длиннопост,Краш,Поезд",tag:краш
6501522,https://pikabu.ru/story/krash_ios_pri_vvode_pyati_defisov_6501522,Краш iOS при вводе пяти дефисов,,Glamych,2019-02-13T09:33:34+03:00,"iOS,Баг,Дефис,Ошибка,Краш,Текст,iPhone",tag:краш
6413873,https://pikabu.ru/story/rubilovo_na_avtoderbi_kak_vam_car_derby_6413873,"Рубилово на авто-дерби, как вам? car derby",20,Dimonmolodechno,2019-01-09T15:14:14+03:00,"[моё],Авто,Дерби,Гонки,Авария,ДТП,Краш,Fail,Машина,Видео",tag:краш
6412976,https://pikabu.ru/story/uronili_pikabu_6412976,Уронили Pikabu,,bigbrothertv,2019-01-09T08:46:36+03:00,"Без рейтинга,Пикабу,Краш",tag:краш
6334996,https://pikabu.ru/story/krash_i_gonki_vozvrashchayutsya_6334996,Краш и гонки возвращаются!,51,TrackThugga,2018-12-07T07:16:01+03:00,"Краш,Crash Bandicoot,Race,Видео",tag:краш
6217924,https://pikabu.ru/story/moyshchik_razbil_gle_coupe_6217924,Мойщик разбил GLE coupe,540,DELETED,2018-10-15T13:38:58+03:00,"[моё],Происшествие,Краш,ДТП,Автомойка,Мерседес,Видео,Длиннопост",tag:краш
6141350,https://pikabu.ru/story/krashnulsya_sayt_6141350,Крашнулся сайт,,BogusCristal,2018-09-07T17:19:09+03:00,"[моё],Сайт,Краш",tag:краш
6082622,https://pikabu.ru/story/gryazyuchka_maximum_destruction_6082622,Грязючка (MAXIMUM DESTRUCTION),7,Spoilyou,2018-08-10T02:05:44+03:00,"Redneck rampage,Rednecks,Реднек,Джип,Авария,Краш,Видео",tag:краш
5889004,https://pikabu.ru/story/krashitsya_khrom_pri_dobavlenii_kartinki_v_kommentakh_s_androida_5889004,Крашится Хром при добавлении картинки в комментах с Андроида,1,TogashiYuuta,2018-05-06T15:27:31+03:00,"[моё],Хром,Приложение на Android,Краш,Текст,Без рейтинга",tag:краш
5674567,https://pikabu.ru/story/zadachka_dlya_gai_5674567,Задачка для ГАИ...,251,nesmeyanushka,2018-01-31T13:40:54+03:00,"Авария,Видеорегистратор,ГАИ,Краш,Автомобилисты,Водитель,Зима,Гифка",tag:краш
7,https://pikabu.ru/story/krash_v_7_days_to_die_5607754,Краш в 7 days to die,,Drowosek21,2018-01-04T07:16:36+03:00,"[моё],Краш,Компьютерные игры",tag:краш
25,https://pikabu.ru/story/nissan_tsuru_i_versa_lob_v_lob_demonstratsiya_dostizheniy_avtoproma_za_25_let_5429411,Nissan Tsuru и Versa «лоб в лоб»: демонстрация достижений автопрома за 25 лет,3636,elvisbudavs,2017-10-23T00:11:15+03:00,"Автопром,Авто,Краш,Достижение,Гифка",tag:краш
5245242,https://pikabu.ru/story/khmmmm_5245242,Хмммм...,5,g111,2017-08-06T13:24:04+03:00,"Рекурсия,Краш",tag:краш
14047248,https://pikabu.ru/story/pochemu_beremennost_imba_14047248,Почему беременность имба?,,meowmeowmrr,2026-06-09T13:13:27+03:00,"Беременность,Имба,Текст",tag:имба
13726516,https://pikabu.ru/story/luchshie_maksa_uzhe_ne_budet_13726516,Лучшие макса уже не будет,,arbuziman666,2026-02-25T00:42:50+03:00,"Мессенджер MAX,Госуслуги,Блокировка Telegram,Мессенджер,Приказ,Имба,Легенда,Вкусы",tag:имба
13683660,https://pikabu.ru/story/puuuushka_13683660,ПУ-У-У-УШКА!,1,Voevodiki,2026-02-11T15:13:21+03:00,"[моё],Имба,Пушка,Дети,Подарки,Авторская игрушка,Оригинально,Конструктор,Вертикальное видео,Короткие видео,Видео",tag:имба
13680519,https://pikabu.ru/story/kak_nub_opredelyaet_imbu_v_igrakh_13680519,Как нуб определяет имбу в играх?,,user9472677,2026-02-10T18:20:19+03:00,"Мысли,Мыслитель,Нуб,Компьютерные игры,Игры,Имба,Текст",tag:имба
12626414,https://pikabu.ru/story/ya_kupil_kulich_12626414,Я купил кулич,1,zabavich.e,2025-04-18T18:56:22+03:00,"[моё],Кулич,Имба,Текст",tag:имба
12595284,https://pikabu.ru/story/retsept_chipsov_so_vkusom_myatnogo_karasya_12595284,Рецепт чипсов со вкусом мятного карася,6,user10562743,2025-04-10T18:42:39+03:00,"[моё],Рецепт,Мята,Карась,Чипсы,Вкусовщина,Имба,Длиннопост",tag:имба
12564886,https://pikabu.ru/story/pervyiy_raz_v_repo_12564886,Первый раз в R.E.P.O!,,Mr.D1a,2025-04-02T21:42:58+03:00,"Игры,Юмор,YouTube,Лайк,Видеоигра,Короткие видео,Смотреть со звуком,Имба,Видео",tag:имба
12259695,https://pikabu.ru/story/korotko_o_tom_kak_proshyol_moy_god_12259695,"Коротко о том, как прошёл мой год...",,user7695292,2025-01-16T11:26:36+03:00,"2024,Имба",tag:имба
11192950,https://pikabu.ru/story/novyie_vesennie_oboi_11192950,Новые весенние обои,,user7029771,2024-03-04T19:21:47+03:00,"Робот,Эмо,Имба,Длиннопост,Иллюстрации",tag:имба
11139997,https://pikabu.ru/story/solo_leveling_11139997,Solo Leveling,,boundary.worlds,2024-02-17T00:18:19+03:00,"Аниме,Красота,Solo Leveling,Имба,Нарезка,Видео",tag:имба
10883692,https://pikabu.ru/story/zaryazhaysya_pozitivom_s_robotami_10883692,Заряжайся позитивом с роботами,,user7029771,2023-12-02T15:53:10+03:00,"Робот,Обои на телефон,Зима,Имба,Длиннопост",tag:имба
10664143,https://pikabu.ru/story/luchshiy_yedit_tyi_takogo_ne_videl_10664143,"Лучший эдит, ты такого не видел)",,Mr.Lol11,2023-09-19T18:24:18+03:00,"Не алкаши,Эдит,Имба,Видео",tag:имба
10590189,https://pikabu.ru/story/posovetuyte_knigi_gde_gg_imba_10590189,"Посоветуйте книги, где Гг имба",13,Pro100Veles,2023-08-24T20:39:00+03:00,"Книги,Ищу книгу,Имба,Текст",tag:имба
10528658,https://pikabu.ru/story/ne_otstupat_i_ne_sdavatsya_10528658,Не отступать и не сдаваться?,9,Pogremushok,2023-08-04T07:33:52+03:00,"[моё],Боевики 90-х,Имба,Пацан к успеху шел,Разочарование",tag:имба
10358193,https://pikabu.ru/story/imba_10358193,ИМБА,19,vikbalob94,2023-06-14T09:01:32+03:00,"[моё],Имба,Джейсон Стейтем,Реклама,Продукты,Ижевск,Боги маркетинга,Креативная реклама,Вывеска",tag:имба
10214666,https://pikabu.ru/story/a_on_delo_govorit_10214666,А он дело говорит,,Geniyparadox,2023-05-07T11:51:09+03:00,"Гений,Имба,Круто,Видео,Вертикальное видео",tag:имба
9934645,https://pikabu.ru/story/akheret_imba_9934645,Ахереть имба!,,OmegonAlpharius,2023-02-09T19:29:16+03:00,"[моё],Genshin Impact,Alhaitham (Genshin Impact),Имба",tag:имба
9720480,https://pikabu.ru/story/vyishla_novaya_seriya_saus_parka_pro_wow_pipets_rzhaka_9720480,"Вышла новая серия Саус парка про WOW, пипец ржака",,saifacool,2022-12-09T12:14:39+03:00,"World of Warcraft,Кабан,Имба,Кач,Меч,Видео,YouTube",tag:имба
9702413,https://pikabu.ru/story/geroi_o_9702413,Герои О,1209,DELETED,2022-12-04T07:24:48+03:00,"Имба,Шахматы,Игры,Картинка с текстом,Юмор",tag:имба
9447493,https://pikabu.ru/story/pereigral_i_unichtozhil_9447493,Переиграл и уничтожил,,TajikistanTaxi,2022-09-11T03:22:53+03:00,"[моё],Мемы,Пикабу,Имба",tag:имба
9104163,https://pikabu.ru/story/zagadka_9104163,Загадка,,sovkalin,2022-05-12T11:40:25+03:00,"[моё],Познавательно,Вопрос,Логическая задача,Имба,Властелин колец,Задача,Загадка,Текст",tag:имба
14055282,https://pikabu.ru/story/iskrivlenie_sveta_i_dudya_14055282,Искривление света и дудя,2,user6681173,2026-06-12T08:21:43+03:00,"Научпоп,Юрий Дудь,Кринж,Короткие видео,Видео,Вертикальное видео",tag:кринж
14041726,https://pikabu.ru/story/eshche_kalambura_ot_menya_ne_khotite_li_14041726,Еще КАЛамбура от меня не хотите ли?,3,veseloegavno,2026-06-07T14:05:42+03:00,"[моё],Странный юмор,Кринж",tag:кринж
14040389,https://pikabu.ru/story/otvet_na_post_krinzh_14040389,Ответ на пост «Кринж?»,252,Xamon,2026-06-06T23:24:29+03:00,"Threads,Комментарии,Скриншот,Кринж,Видео,Короткие видео,Ответ на пост,Тимати",tag:кринж
14039856,https://pikabu.ru/story/krinzh_14039856,Кринж?,4288,Ramirasina,2026-06-06T18:53:21+03:00,"Threads,Комментарии,Скриншот,Кринж,Shaman (Ярослав Дронов)",tag:кринж
14036437,https://pikabu.ru/story/beskontaktnyiy_boy_osvoili_robotyi_na_pmyef_14036437,Бесконтактный бой освоили роботы на ПМЭФ,12,Imarlin21,2026-06-05T14:02:31+03:00,"Робот,ПМЭФ,Бокс,Сюрреализм,Драка,Испанский стыд,Кринж,Видео,Короткие видео",tag:кринж
14030344,https://pikabu.ru/story/san_sanyich_14030344,Сан Саныч,,ashmarin89,2026-06-03T14:13:16+03:00,"Сатира,Имена,Кринж,Текст",tag:кринж
14030133,https://pikabu.ru/story/uboynyiy_aziatskiy_futbol_14030133,Убойный азиатский футбол,3672,ilya.blvck,2026-06-03T13:09:40+03:00,"Футбол,Азия,Юмор,Черный юмор,Кринж,Видео,Вертикальное видео",tag:кринж
14028989,https://pikabu.ru/story/krinzh_14028989,Кринж,,kulaginofficial,2026-06-03T06:09:47+03:00,"[моё],Онлайн-казино,Администрация президента,Кринж,РПЦ,Мат,Текст",tag:кринж
14027758,https://pikabu.ru/story/kiborg__ubiytsa_spiridon_14027758,Киборг - убийца Спиридон,34,Pizdoslav,2026-06-02T16:54:03+03:00,"РПЦ,Терминатор,Телевидение,Танки,Кринж,Канал Россия 1,Христианство,Странный юмор,Видео,Длиннопост",tag:кринж
14025310,https://pikabu.ru/story/bez_kommentariev_14025310,Без комментариев),,xengg,2026-06-01T20:17:58+03:00,"Кружки,Юмор,Туалет,Туалетный юмор,Кринж,Фекалии,Унитаз,Процесс,Залипалка,Напитки,Видео,Вертикальное видео,Короткие видео",tag:кринж
14017259,https://pikabu.ru/story/po_zhilbyil_pes_snimut_film_s_pavlom_priluchnyim_14017259,По «Жил-был пес» снимут фильм с Павлом Прилучным,,scevi,2026-05-29T23:21:00+03:00,"Кринж,Анимация,Жил-был Пес,Павел Прилучный,Текст",tag:кринж
8,https://pikabu.ru/story/leningrad__xxx_8bit_cover_14015935,Ленинград - XXX (8-bit cover),,ArkadijK,2026-05-29T14:31:12+03:00,"Сергей Шнуров,8 бит,Ретро,Футурама,Кавер,Кринж,Клип,Развлечения,Видео,RUTUBE",tag:кринж
14012497,https://pikabu.ru/story/shaman_nakonets_raskryil_dannyie_toy_samoy_papki_14012497,SHAMAN наконец раскрыл данные той самой папки,20,CoolKURIM,2026-05-28T13:11:48+03:00,"Музыканты,Политика,Кринж,Запад,Песня,Видео,Видео ВК,Короткие видео",tag:кринж
14007925,https://pikabu.ru/story/khotite_nemnogo_krinzhanut_oy_prostite_pochuvstvovat_nelovkost__14007925,"Хотите немного кринжануть? Ой, простите, почувствовать неловкость )",4,Аноним,2026-05-26T22:58:43+03:00,"Контент нейросетей,Короткие видео,Instagram,Кринж,Неловкость,Видео,Вертикальное видео",tag:кринж
14004459,https://pikabu.ru/story/otvet_na_post_interesno_pochemu_yetot_krinzh_eshchyo_nikto_ne_zapostil_14004459,"Ответ на пост «Интересно, почему этот кринж ещё никто не запостил?»",4,DELETED,2026-05-25T20:10:55+03:00,"Shaman (Ярослав Дронов),Новости,Сенсация,Кринж,Мемы,Картинка с текстом,Ответ на пост",tag:кринж
14004392,https://pikabu.ru/story/interesno_pochemu_yetot_krinzh_eshchyo_nikto_ne_zapostil_14004392,"Интересно, почему этот кринж ещё никто не запостил?",4,XpeHokynka,2026-05-25T19:41:27+03:00,"Shaman (Ярослав Дронов),Новости,Сенсация,Кринж,Видео,Видео ВК,Короткие видео",tag:кринж
13998956,https://pikabu.ru/story/yandeksmuzyika_na_ipad_yeto_chto_za_krinzh_13998956,"Яндекс.Музыка на IPad, это что за кринж?",3,mrPazitivus,2026-05-23T22:06:54+03:00,"[моё],Яндекс Музыка,Баг,Кринж,iPad",tag:кринж
13997957,https://pikabu.ru/story/kognitivnyiy_dissonans_13997957,Когнитивный диссонанс,378,ceperbbynhelth,2026-05-23T14:38:07+03:00,"Юмор,Дмитрий Пучков,Сюрреализм,Кринж,Интернет",tag:кринж
13997283,https://pikabu.ru/story/raskryivaem_vorota_13997283,Раскрываем ворота!,,mnemonlk132,2026-05-23T10:06:00+03:00,"Кринж,Короткие видео,Странный юмор,Юмор,Война полов,Вертикальное видео,Видео",tag:кринж
13995998,https://pikabu.ru/story/pro_mat_i_tsenzuru_13995998,Про мат и цензуру,,val2590my,2026-05-22T19:43:01+03:00,"Русский язык,Мат,Такси,Кринж,Таксист,Маргиналы,Нецензурщина,Видео,YouTube",tag:кринж
13988970,https://pikabu.ru/story/otvet_na_post_elena_prekrasnaya_snova_sprovotsirovala_voynu__na_yetot_raz_v_sotssetyakh_13988970,Ответ на пост «Елена Прекрасная снова спровоцировала войну – на этот раз в соцсетях»,65,Orochysensey,2026-05-20T13:30:26+03:00,"[моё],Актеры и актрисы,Кристофер Нолан,Негры,Повтор,Троянская война,Елена Прекрасная,Каст,Волна постов,Arcane,Сайт КиноПоиск,Лупита Нионго,Мискаст,Кринж,Одиссея,Ответ на пост,Длиннопост",tag:кринж
13986166,https://pikabu.ru/story/gospodi_kto_yeto_pridumal_kakoy_vsratyiy_marketing_13986166,"Господи, кто это придумал? Какой всратый маркетинг",3,CintraXD,2026-05-19T13:56:03+03:00,"Реклама,Пикабу,Кринж,Скриншот",tag:кринж
13968910,https://pikabu.ru/story/krasivyie_lyudi_krasivo_otmechayut_13968910,Красивые люди красиво отмечают,,Аноним,2026-05-13T11:17:44+03:00,"9 мая - День Победы,Звезды,Голая вечеринка,Празднование,Сельский гламур,Кринж,Патриотизм",tag:кринж
13966801,https://pikabu.ru/story/reklamnyiy_krinzh_metro_13966801,Рекламный кринж метро,8,SergioPoverony,2026-05-12T16:44:53+03:00,"[моё],Метро,Кринж",tag:кринж
4228789,https://pikabu.ru/story/anarkhizm_4228789,Анархизм,,Wezt,2016-05-27T17:06:27+03:00,"[моё],Анком,Анкап,Прудон,Кропоткин,Мюррей Ротбард,Анархия,Мютюэлизм",tag:анком
14045326,https://pikabu.ru/story/dno_gigachata_u_banka_dno_probito_14045326,"Дно ""гигачата"" у ""банка"" дно пробито...",,nspd,2026-06-08T19:22:19+03:00,"[моё],Сбербанк,ГигаЧад,Длиннопост",tag:gigachad
13980988,https://pikabu.ru/story/kotgigachad_13980988,Кот-гигачад...,4,mirozis,2026-05-17T18:09:31+03:00,"Редкий вид,Люди,Зоозащитники,Спасение,Животные,Домашние животные,Природа,ГигаЧад,Ветеринария,В мире животных",tag:gigachad
13927779,https://pikabu.ru/story/gigarekruter_ot_sbera_13927779,ГигаРекрутер от Сбера,9,Yselia,2026-04-29T10:09:38+03:00,"ГигаЧад,Сбербанк,Трудоустройство,Собеседование,Поиск работы,Длиннопост",tag:gigachad
13926168,https://pikabu.ru/story/putin_posetil_shkolu_dzyudo_imeni_rakhlina_13926168,Путин посетил школу дзюдо имени Рахлина,,sokol.pustelga,2026-04-28T19:02:21+03:00,"[моё],Политика,Юмор,Мемы,Владимир Путин,Дзюдо,ГигаЧад",tag:gigachad
13763606,https://pikabu.ru/story/chad_13763606,Чад,255,WakeUppNeo,2026-03-08T11:10:00+03:00,"Юмор,Негры,ГигаЧад",tag:gigachad
13759492,https://pikabu.ru/story/sadomazlenitsa_13759492,Садомазленица,,user9907339,2026-03-06T21:32:13+03:00,"[моё],Масленица,Китайский новый год,ГигаЧад,Юмор,Картинка с текстом,Боль,Матрешка,Gigachat (Сбер),Длиннопост",tag:gigachad
13758790,https://pikabu.ru/story/oblozhka_knigi_ii_13758790,Обложка книги ИИ,,Mullagaleev,2026-03-06T17:26:19+03:00,"[моё],Контент нейросетей,Книги,Обложка,Творчество,Фэнтези,Stable Diffusion,ГигаЧад,Оборотни,Темное фэнтези,Видео,Без звука,Вертикальное видео,Короткие видео,Длиннопост",tag:gigachad
13698732,https://pikabu.ru/story/otvet_na_post_u_fotoshoperov_svoy_vzglyad_13698732,Ответ на пост «У фотошоперов свой взгляд»,,vasiyapupkoY,2026-02-16T10:49:31+03:00,"Скриншот,Threads,Photoshop,Фотография,Второй подбородок,Комментарии,ГигаЧад,Видео,Вертикальное видео,Короткие видео,Ответ на пост",tag:gigachad
13697953,https://pikabu.ru/story/u_fotoshoperov_svoy_vzglyad_13697953,У фотошоперов свой взгляд,8944,Skyscrew,2026-02-16T04:06:46+03:00,"Скриншот,Threads,Photoshop,Фотография,Второй подбородок,Комментарии,ГигаЧад",tag:gigachad
13696810,https://pikabu.ru/story/mutnyiy_i_podozritelnyiy_gigachat_13696810,Мутный и подозрительный ГиГа-чат,,AvdArtY,2026-02-15T17:40:23+03:00,"Контент нейросетей,Gigachat (Сбер),ГигаЧад,Цензура,Длиннопост,Политика",tag:gigachad
13665265,https://pikabu.ru/story/neyroset_akhakh_prekrati_13665265,Нейросеть... Ахах прекрати!!!,31,DELETED,2026-02-05T18:23:39+03:00,"[моё],Контент нейросетей,Нейронные сети,Логотип,Калининград,Telegram,Яндекс Алиса,ГигаЧад,Длиннопост",tag:gigachad
13625122,https://pikabu.ru/story/a_dlya_chego_kachaetes_vyi_13625122,А для чего качаетесь вы?,4,Fr1egene,2026-01-23T21:20:50+03:00,"[моё],Спорт,ГигаЧад",tag:gigachad
13517839,https://pikabu.ru/story/oskolki_13517839,Осколки,3,KafeKrematory,2025-12-19T19:15:23+03:00,"[моё],Контент нейросетей,Нейровидео,Sora,Suno,Видеомонтаж,ГигаЧад,Короткие видео,Видео,YouTube,YouTube (ссылка)",tag:gigachad
13507246,https://pikabu.ru/story/sber_gref_uvolte_vsekh_programmistov_gigi_13507246,"Сбер (Греф), увольте всех программистов гиги",,Tpa55,2025-12-16T20:52:18+03:00,"[моё],Сбербанк,Герман Греф,ГигаЧад,Искусственный интеллект,Позор,Программирование,IT,Длиннопост",tag:gigachad
13497207,https://pikabu.ru/story/gigachat_poet_pesni_13497207,Гигачат поет песни!,2,dmitry.silin,2025-12-14T00:27:51+03:00,"[моё],ГигаЧад,Искусственный интеллект,Технологии,Чат-бот,Мысли,Русские,Цифровые технологии,Голосовой помощник,Русский язык,Мат,Длиннопост",tag:gigachad
13471285,https://pikabu.ru/story/zapilil_na_neyrosetke_snachala_sdelal_fotki_potom_ozhivil_krivovato_no_strogo_ne_sudite_ibo_yeto_pervyiy_opyit_i_pervyiy_moy_post_v_pikabu_13471285,"Запилил на нейросетке. Сначала сделал фотки. Потом оживил. Кривовато, но строго не судите ибо это первый опыт. И первый мой пост в Пикабу",4,user11372694,2025-12-06T14:04:57+03:00,"[моё],Контент нейросетей,Арты нейросетей,Короткие видео,ГигаЧад,Нейровидео,Ретро,Воспоминания из детства,Видео",tag:gigachad
13427201,https://pikabu.ru/story/smogut_li_rossiyskie_ii_narisovat_deda_moroza_13427201,Смогут ли российские ИИ нарисовать Деда Мороза,,Kolobok75,2025-11-23T16:05:00+03:00,"Контент нейросетей,Новый Год,Дед Мороз,Яндекс Алиса,ГигаЧад,ChatGPT,Вертикальное видео,Короткие видео,Видео,YouTube (ссылка)",tag:gigachad
13423414,https://pikabu.ru/story/programmistov_skoro_zamenyat_ii_13423414,Программистов скоро заменят ИИ,,pavels2025,2025-11-22T11:07:56+03:00,"[моё],Инженер,Искусственный интеллект,ГигаЧад,Юмор",tag:gigachad
13417827,https://pikabu.ru/story/otvet_na_post_nu_u_tebya_i_rozha_13417827,Ответ на пост «Ну у тебя и рожа»,13,Аноним,2025-11-20T17:46:12+03:00,"Аниме,Аниме мемы,Bocchi the Rock!,Hiroi Kikuri,Субтитры по одному слову,ГигаЧад,Вотермарки,Видео,Вертикальное видео,Короткие видео,Ответ на пост",tag:gigachad
13416470,https://pikabu.ru/story/nu_u_tebya_i_rozha_13416470,Ну у тебя и рожа,142,starpony,2025-11-20T11:12:43+03:00,"Аниме,Аниме мемы,Bocchi the Rock!,Hiroi Kikuri,Субтитры по одному слову,ГигаЧад,Вотермарки,Видео,Вертикальное видео,Короткие видео",tag:gigachad
13396872,https://pikabu.ru/story/podborodok_13396872,Подбородок,4137,DDarrell,2025-11-14T13:16:54+03:00,"Комиксы,Эльфийская ненависть (Merrivius),Бритье,Подбородок,ГигаЧад",tag:gigachad
13379423,https://pikabu.ru/story/kak_vam_13379423,Как вам?,,Vi.99,2025-11-09T15:58:25+03:00,"[моё],Контент нейросетей,Нейронные сети,DeepSeek,Gigachat (Сбер),ГигаЧад",tag:gigachad
13379377,https://pikabu.ru/story/kak_vam_13379377,Как вам?,,Vi.99,2025-11-09T15:38:57+03:00,"[моё],Нейронные сети,DeepSeek,Gigachat (Сбер),ГигаЧад",tag:gigachad
14058784,https://pikabu.ru/story/esli_pod_vashimi_oknami_dolbit_letom_muzyika__ne_stesnyaytes_kidaytes_yaytsami_14058784,"Если под вашими окнами долбит летом музыка - не стесняйтесь, кидайтесь яйцами",6117,Аноним,2026-06-13T13:30:59+03:00,"Истории из жизни,Яйца,Музыка,Вечер",hot
14058005,https://pikabu.ru/story/mir_perevernulsya_v_ekaterinburge_muzhchina_na_yelektrosamokate_sbil_devochku_i_sbezhal_s_mesta_proisshestvi_14058005,«Мир перевернулся». В Екатеринбурге мужчина на электросамокате сбил девочку и сбежал с места происшестви,2548,0.Zauber,2026-06-13T08:32:30+03:00,"Негатив,Происшествие,Травма,Самокат,Самокатчики,Наезд,Дети,Электросамокат,Короткие видео,Вертикальное видео,Видео,Екатеринбург",hot
14057773,https://pikabu.ru/story/ubogie_14057773,Убогие,8786,EgorSrakin,2026-06-13T04:52:12+03:00,"День рождения,Поздравление,Сетевые магазины,Смс-рассылка,Спам,Текст,Негатив",hot
14058913,https://pikabu.ru/story/zadolbalsya_sidet_bez_dela_sdelal_svoyo_prilozhenie_besplatno_polzovateley__nol_zakhodite_komu_ne_len_14058913,"Задолбался сидеть без дела. Сделал своё приложение. Бесплатно. Пользователей — ноль. Заходите, кому не лень",3004,user11918475,2026-06-13T14:10:55+03:00,"[моё],Спроси Пикабу,Бесит,Вопрос,Ошибка,Негодование,Текст",hot
14059139,https://pikabu.ru/story/dyuzhe_potuzhno_14059139,Дюже потужно,2169,Ignatbrat,2026-06-13T15:45:25+03:00,"Скриншот,X (Twitter),Политика,Украинцы,Бред,Поляки,Идиотизм,Троллинг,Стеб,Юмор,Польша,Украина",hot
14058392,https://pikabu.ru/story/idealno_14058392,Идеально,629,WakeUppNeo,2026-06-13T11:10:00+03:00,"Контент нейросетей,Юмор,Совершенство,Удар,Видео,Вертикальное видео,Короткие видео,Telegram (ссылка),Мессенджер MAX (ссылка)",hot
14058104,https://pikabu.ru/story/tsenyi_14058104,Цены,4934,Ngardi,2026-06-13T09:20:49+03:00,"Цены,Рост цен,Расходы,Продукты,Текст,Негатив,Волна постов",hot
14057951,https://pikabu.ru/story/otvet_na_post_migrantyimusulmane_uezzhayut_iz_belfasta_nam_tut_ne_radyi_14057951,"Ответ на пост «Мигранты-мусульмане уезжают из Белфаста: ""Нам тут не рады""»",5833,Antargos,2026-06-13T07:56:34+03:00,"Новости,Великобритания,Ирландия,Белфаст,Нападение,Беспорядки,Мигранты,Негатив,Социальный взрыв,Волна постов,Короткопост,Мат,Ответ на пост,Текст",hot
14059035,https://pikabu.ru/story/18_tyisyach_rubley_za_pokalechennogo_rebyonka_14059035,18 тысяч рублей за покалеченного ребёнка,2530,Kudel.ka,2026-06-13T15:01:35+03:00,"[моё],Негатив,Нападение собак,Ответственность,Наказание,Длиннопост,Без рейтинга",hot
14057968,https://pikabu.ru/story/otvet_na_post_na_unichtozhenie_vpn_14057968,Ответ на пост «На уничтожение VPN...»,4531,gargona.design,2026-06-13T08:06:58+03:00,"Ответ на пост,Текст,Интернет,Блокировка,Волна постов",hot
14058501,https://pikabu.ru/story/ne_vizhu_prepyatstviy_14058501,Не вижу препятствий,654,e1800056,2026-06-13T11:53:15+03:00,"Негатив,Жестко,Женщины,Видео,Вертикальное видео,Короткие видео",hot
14053680,https://pikabu.ru/story/podborka_otlichnyikh_skidok_14053680,Подборка отличных скидок!,,Пикабу.Промокоды,2026-06-11T15:44:14+03:00,"[моё],Промокод,Покупка,Скидки,Распродажа,Акции",hot
14058262,https://pikabu.ru/story/dva_tipa_vorov_14058262,Два типа воров,3574,ivanodigital,2026-06-13T10:19:55+03:00,"Афоризм,Истина,Полиция,Сарказм,Вор,Короткопост,Текст",hot
14058022,https://pikabu.ru/story/muzhik_vse_ravno_dolzhen_14058022,Мужик все равно должен!,2872,LolitaDon,2026-06-13T08:43:24+03:00,"[моё],Мужчины и женщины,Отношения,Мат,Война полов,Скриншот,Комментарии на Пикабу",hot
14059228,https://pikabu.ru/story/chto_za_pokolenie_14059228,Что за поколение,1356,YashikPivka,2026-06-13T16:20:49+03:00,"Юмор,Скриншот,Threads,Playstation 5,Подарки",hot
14059443,https://pikabu.ru/story/devushka_v_podsolnukhakh_14059443,Девушка в Подсолнухах,20,KsooTarkim,2026-06-13T18:03:35+03:00,"My Little Pony,Арт,Sunset Shimmer,Equestria Girls,Ponutjoe",hot
14058146,https://pikabu.ru/story/mishel_ishchet_dom_14058146,Мишель ищет дом,481,,2026-06-13T09:37:07+03:00,"[моё],Кот,Лига Добра,Бездомные животные,Помощь животным,В добрые руки,Приют для животных,Саранск,Видео,Вертикальное видео,Короткие видео,Кошатники",hot
14057930,https://pikabu.ru/story/beregites_moshennikov_14057930,Берегитесь мошенников!,3350,Nefigan,2026-06-13T07:40:49+03:00,"[моё],Билайн,Платные подписки,Мошенничество,Сотовые операторы,Длиннопост,Негатив,Волна постов",hot
14058869,https://pikabu.ru/story/drama_14058869,Драма,1921,bgafk,2026-06-13T13:58:36+03:00,"Картинка с текстом,Юмор,Зашакалено,Меню,Драма,Китайская кухня,Трудности перевода,Повтор",hot
14059230,https://pikabu.ru/story/vyigoda_14059230,Выгода,902,rosbel,2026-06-13T16:22:56+03:00,"Магазин,Акции,Выгода,Черная пятница,Супермаркет Перекресток",hot
14058111,https://pikabu.ru/story/tusovka_14058111,Тусовка,97,Musrepov,2026-06-13T09:24:29+03:00,"Дрифт,ДТП,Видео,Без звука,Вертикальное видео,Короткие видео,Негатив",hot
14058094,https://pikabu.ru/story/shpionyi_ne_proydut_14058094,Шпионы не пройдут,2848,q000p,2026-06-13T09:16:29+03:00,"Комментарии на Пикабу,Электроника,Российское производство,Скриншот",hot
14057777,https://pikabu.ru/story/v_dobryiy_put_14057777,В добрый путь!,4177,skvoretso,2026-06-13T05:04:58+03:00,"Белфаст,Беспорядки,Протест,Ирландия,Мигранты,Сарказм,Фильм ДМБ,Мемы,Зашакалено",hot
14058437,https://pikabu.ru/story/osvoboditelnoe_14058437,Освободительное,2938,KanKeray,2026-06-13T11:27:13+03:00,"[моё],CynicMansion,Ферма,Волк,Овцы,Побег,Пропаганда,Длиннопост,Комиксы",hot
14058616,https://pikabu.ru/story/na_novyiy_god_14058616,На Новый год,2130,Sergius.85,2026-06-13T12:39:17+03:00,"Комментарии на Пикабу,Скриншот,Заработок,Черный юмор",hot
14055774,https://pikabu.ru/story/srazu_vidno_gorodskoy_nichego_tyazhelee_kompyuternoy_myishki_ne_derzhal_v_rukakh_14055774,"Сразу видно городской, ничего тяжелее компьютерной мышки не держал в руках",3227,HAPPY.BILLIONAIR,2026-06-12T11:32:00+03:00,"Юмор,Неудача,Проблема,Fail,Короткие видео,Видео,Вертикальное видео,Топор",hot
14058826,https://pikabu.ru/story/ssat_gde_popalo_14058826,Ссать где попало,754,Nikural,2026-06-13T13:44:02+03:00,"Психическое расстройство,Больные,Текст,Telegram (ссылка)",hot
2030,https://pikabu.ru/story/otvet_na_post_putin_donbass_i_novorossiya_dolzhnyi_k_2030_godu_dostich_obshcherossiyskogo_urovnya_14059484,Ответ на пост «Путин: Донбасс и Новороссия должны к 2030 году достичь общероссийского уровня»,65,user7127082,2026-06-13T18:24:15+03:00,"Донбасс,Владимир Путин,Текст,Россия,Ответ на пост",hot
14058785,https://pikabu.ru/story/kak_obyasnyayut_prichinyi_pobedyi_seychas_14058785,КАК ОБЪЯСНЯЮТ ПРИЧИНЫ ПОБЕДЫ СЕЙЧАС,1168,Smoki77777,2026-06-13T13:31:04+03:00,"Контент нейросетей,9 мая - День Победы,Социализм,Капитализм,СССР,Политика,Арты нейросетей,Картинка с текстом,Сталин,Победа",hot
14058933,https://pikabu.ru/story/kakuyu_14058933,Какую?,1199,bgafk,2026-06-13T14:18:02+03:00,"Юмор,Скриншот,Threads",hot
14057321,https://pikabu.ru/story/obozhayu_yetot_bayan_povtorom_14057321,Обожаю этот баян повтором,1465,jablo4ka,2026-06-12T21:46:56+03:00,"Контент нейросетей,Из сети,Короткие видео,Вертикальное видео,Реакция,Постановка,Мудрость,Афоризм,Старость,Видео,Мат",hot
4,https://pikabu.ru/story/ya_zashchishchal_4letnego_syina_v_moskve_sosedskiy_volkosob_napal_na_muzhchinu_i_ego_rebenka_14058056,«Я защищал 4-летнего сына»: В Москве соседский волкособ напал на мужчину и его ребенка,1296,,2026-06-13T09:00:00+03:00,"[моё],Негатив,Нападение собак,Москва,Видео,Длиннопост",hot
700,https://pikabu.ru/story/otvet_na_post_govyazhiy_marsh_pri_postavke_konservov_v_zonu_svo_pokhishcheno_700_mln_rubley_14058575,Ответ на пост «Говяжий марш: при поставке консервов в зону СВО похищено 700 млн рублей»,1703,user6225055,2026-06-13T12:23:18+03:00,"Политика,Министерство обороны,Спецоперация,Тушенка,Коррупция,Хищение,Негатив,Ответ на пост",hot
14058021,https://pikabu.ru/story/anonimno_14058021,Анонимно,1875,KOPOBOPOTEHb,2026-06-13T08:42:30+03:00,"Из сети,Юмор,Мужчины и женщины,Картинка с текстом,Брак (супружество),31-35 лет,Повтор",hot
14058062,https://pikabu.ru/story/opyat_rabota_14058062,Опять работа?,2210,MonoLIKE,2026-06-13T09:01:22+03:00,"Юмор,Warcraft",hot
39,https://pikabu.ru/story/snyi_pri_temperature_39_14057405,Сны при температуре 39°,1117,Mr.Chotkii,2026-06-12T22:30:38+03:00,"Короткие видео,Вертикальное видео,Неожиданно,Сон,Люди,Самолет,Видео,Без звука,Показалось",hot
14058633,https://pikabu.ru/story/richard_gir_uzhe_ne_tot_14058633,Ричард Гир уже не тот...,1575,Sharp.Saber,2026-06-13T12:45:13+03:00,"Юмор,Картинка с текстом,Ричард Гир,Хатико,Повтор",hot
14058751,https://pikabu.ru/story/pro_dobryikh_finnov_14058751,"Про ""добрых"" финнов",930,Strangelov,2026-06-13T13:21:33+03:00,"[моё],Политика,Страны,История России,Финляндия,Текст,Негатив",hot
